ds4: Metal device Apple M5 Max, 128.00 GiB RAM
ds4: Metal 4 tensor API enabled for Tensor kernels
ds4: drift-patch flags hc_stable=on norm_unify=on kv_raw_f32=off rope_exp2_log2=off math_safe=off tensor_matmul=on
ds4: Metal SSD streaming mode enabled; full model residency and warmup are skipped
ds4: SSD streaming auto cache budget
ds4:   metal recommends 107.52 GiB working set
ds4:   using 75% total for model + cached experts: 81.00 GiB
ds4:   non-routed weights: 9.37 GiB
ds4:   routed expert size: 9.49 MiB
ds4:   expert budget before prefill reserve: 7727 (71.63 GiB)
ds4: metal SSD streaming cache target 71.63 GiB; effective 71.63 GiB = 7.12 GiB prefill headroom + 64.51 GiB dynamic cache (6959 experts, 9.49 MiB each)
ds4: Metal SSD static weights locked 9.37 GiB; pageable 0.00 GiB
ds4: SSD streaming initial metal model map (569 spans, 9.37 GiB tensor span)
ds4: metal backend initialized for graph diagnostics
ds4: memory: KV 2.98 GiB (raw 0.63 + compressed 2.34) + buffers 9.44 GiB + resident model 9.37 GiB + expert cache 64.51 GiB + prefill expert reserve 7.12 GiB = 93.42 GiB planned
ds4: memory detail: ctx=393216 prefill_cap=8192 raw_kv_rows=128 compressed_kv_rows=393217 backend=metal
ds4-bench: context buffers 12717.91 MiB (ctx=393216, backend=metal, prefill_chunk=8192, raw_kv_rows=128, compressed_kv_rows=393217)
ds4: V4.1 static context buffers 12717.91 MiB (ctx=393216), Engram disk-only
ds4: DSV4 prefill indexed attention engaged on tensor-unit tiles (kernel_dsv4_indexed_mixed_attention_heads16_nax)
ds4: gpu busy accum 1292.5 ms over 64 cbs
ds4: gpu busy accum 2737.3 ms over 128 cbs
ds4: gpu busy accum 3986.7 ms over 192 cbs
ds4: gpu busy accum 4160.1 ms over 256 cbs
ds4: gpu busy accum 4190.3 ms over 320 cbs
ds4: gpu busy accum 4213.4 ms over 384 cbs
ds4: gpu busy accum 4236.5 ms over 448 cbs
ds4: gpu busy accum 4261.0 ms over 512 cbs
ds4: gpu busy accum 4285.5 ms over 576 cbs
ds4: gpu busy accum 4309.4 ms over 640 cbs
ds4: gpu busy accum 4334.7 ms over 704 cbs
ds4: gpu busy accum 4357.8 ms over 768 cbs
ds4: gpu busy accum 4382.4 ms over 832 cbs
ds4: gpu busy accum 4406.9 ms over 896 cbs
ds4: gpu busy accum 4430.8 ms over 960 cbs
ds4: gpu busy accum 4455.2 ms over 1024 cbs
ds4: gpu busy accum 4478.7 ms over 1088 cbs
ds4: gpu busy accum 4503.1 ms over 1152 cbs
ds4: gpu busy accum 4526.6 ms over 1216 cbs
ds4: gpu busy accum 4551.3 ms over 1280 cbs
ds4: gpu busy accum 4574.6 ms over 1344 cbs
ds4: gpu busy accum 4598.7 ms over 1408 cbs
ds4: gpu busy accum 4623.4 ms over 1472 cbs
ds4: gpu busy accum 4646.4 ms over 1536 cbs
ds4: gpu busy accum 4669.3 ms over 1600 cbs
ds4: gpu busy accum 4692.3 ms over 1664 cbs
ds4: gpu busy accum 4715.5 ms over 1728 cbs
ds4: gpu busy accum 4738.7 ms over 1792 cbs
ds4: gpu busy accum 4761.3 ms over 1856 cbs
ds4: gpu busy accum 4783.6 ms over 1920 cbs
ds4: gpu busy accum 4807.0 ms over 1984 cbs
ds4: gpu busy accum 4830.1 ms over 2048 cbs
ds4: gpu busy accum 4852.9 ms over 2112 cbs
ds4: gpu busy accum 4876.3 ms over 2176 cbs
ds4: gpu busy accum 4898.3 ms over 2240 cbs
ds4: gpu busy accum 4921.9 ms over 2304 cbs
ds4: gpu busy accum 4945.4 ms over 2368 cbs
ds4: gpu busy accum 4967.9 ms over 2432 cbs
ds4: gpu busy accum 4990.0 ms over 2496 cbs
ds4: gpu busy accum 5013.7 ms over 2560 cbs
ds4: gpu busy accum 5036.7 ms over 2624 cbs
ds4: gpu busy accum 5059.3 ms over 2688 cbs
ds4: gpu busy accum 5083.7 ms over 2752 cbs
ds4: gpu busy accum 5105.3 ms over 2816 cbs
ds4: gpu busy accum 5129.0 ms over 2880 cbs
ds4: gpu busy accum 5152.1 ms over 2944 cbs
ds4: gpu busy accum 5175.2 ms over 3008 cbs
ds4: gpu busy accum 5197.2 ms over 3072 cbs
ds4: gpu busy accum 5220.5 ms over 3136 cbs
ds4: gpu busy accum 5243.6 ms over 3200 cbs
ds4: gpu busy accum 5266.1 ms over 3264 cbs
ds4: gpu busy accum 5289.5 ms over 3328 cbs
ds4: gpu busy accum 5311.9 ms over 3392 cbs
ds4: gpu busy accum 5335.1 ms over 3456 cbs
ds4: gpu busy accum 5358.2 ms over 3520 cbs
ds4: gpu busy accum 5380.8 ms over 3584 cbs
ds4: gpu busy accum 5402.9 ms over 3648 cbs
ds4: gpu busy accum 5426.1 ms over 3712 cbs
ds4: gpu busy accum 5449.3 ms over 3776 cbs
ds4: gpu busy accum 5471.9 ms over 3840 cbs
ds4: gpu busy accum 5495.3 ms over 3904 cbs
ds4: gpu busy accum 5517.1 ms over 3968 cbs
ds4: gpu busy accum 5540.3 ms over 4032 cbs
ds4: gpu busy accum 5563.4 ms over 4096 cbs
ds4: gpu busy accum 5586.1 ms over 4160 cbs
ds4: gpu busy accum 5609.6 ms over 4224 cbs
ds4: gpu busy accum 5631.9 ms over 4288 cbs
ds4: gpu busy accum 5655.8 ms over 4352 cbs
ds4: gpu busy accum 5678.4 ms over 4416 cbs
ds4: gpu busy accum 5701.8 ms over 4480 cbs
ds4: gpu busy accum 5723.7 ms over 4544 cbs
ds4: gpu busy accum 5746.9 ms over 4608 cbs
ds4: gpu busy accum 5770.1 ms over 4672 cbs
ds4: gpu busy accum 5792.8 ms over 4736 cbs
ds4: gpu busy accum 5815.6 ms over 4800 cbs
ds4: gpu busy accum 5838.5 ms over 4864 cbs
ds4: gpu busy accum 5861.6 ms over 4928 cbs
ds4: gpu busy accum 5884.8 ms over 4992 cbs
ds4: gpu busy accum 5907.6 ms over 5056 cbs
ds4: gpu busy accum 5929.7 ms over 5120 cbs
ds4: gpu busy accum 5952.7 ms over 5184 cbs
ds4: gpu busy accum 5975.9 ms over 5248 cbs
ds4: gpu busy accum 5999.0 ms over 5312 cbs
ds4: gpu busy accum 6022.4 ms over 5376 cbs
ds4: gpu busy accum 6045.4 ms over 5440 cbs
ds4: gpu busy accum 6069.6 ms over 5504 cbs
ds4: gpu busy accum 6093.0 ms over 5568 cbs
ds4: gpu busy accum 6115.6 ms over 5632 cbs
ds4: gpu busy accum 6138.2 ms over 5696 cbs
ds4: gpu busy accum 6161.6 ms over 5760 cbs
ds4: gpu busy accum 6185.0 ms over 5824 cbs
ds4: gpu busy accum 6208.3 ms over 5888 cbs
ds4: gpu busy accum 6232.4 ms over 5952 cbs
ds4: gpu busy accum 6254.7 ms over 6016 cbs
ds4: gpu busy accum 6278.6 ms over 6080 cbs
ds4: gpu busy accum 6302.1 ms over 6144 cbs
ds4: gpu busy accum 6325.3 ms over 6208 cbs
ds4: gpu busy accum 6347.8 ms over 6272 cbs
ds4: gpu busy accum 6371.3 ms over 6336 cbs
ds4: gpu busy accum 6395.2 ms over 6400 cbs
ds4: gpu busy accum 6418.3 ms over 6464 cbs
ds4: gpu busy accum 6442.1 ms over 6528 cbs
ds4: gpu busy accum 6464.3 ms over 6592 cbs
ds4: gpu busy accum 6488.1 ms over 6656 cbs
ds4: gpu busy accum 6511.6 ms over 6720 cbs
ds4: gpu busy accum 6533.9 ms over 6784 cbs
ds4: gpu busy accum 6557.4 ms over 6848 cbs
ds4: gpu busy accum 6579.7 ms over 6912 cbs
ds4: gpu busy accum 6603.0 ms over 6976 cbs
ds4: gpu busy accum 6626.1 ms over 7040 cbs
ds4: gpu busy accum 6649.8 ms over 7104 cbs
ds4: gpu busy accum 6671.4 ms over 7168 cbs
ds4: gpu busy accum 6694.9 ms over 7232 cbs
ds4: gpu busy accum 6718.3 ms over 7296 cbs
ds4: gpu busy accum 6742.0 ms over 7360 cbs
ds4: gpu busy accum 6766.3 ms over 7424 cbs
ds4: gpu busy accum 6789.1 ms over 7488 cbs
ds4: gpu busy accum 6813.1 ms over 7552 cbs
ds4: gpu busy accum 6836.5 ms over 7616 cbs
ds4: gpu busy accum 6860.2 ms over 7680 cbs
ds4: gpu busy accum 6882.7 ms over 7744 cbs
ds4: gpu busy accum 6905.8 ms over 7808 cbs
ds4: gpu busy accum 6929.6 ms over 7872 cbs
ds4: gpu busy accum 6952.2 ms over 7936 cbs
ds4: gpu busy accum 6975.7 ms over 8000 cbs
ds4: gpu busy accum 6997.5 ms over 8064 cbs
ds4: gpu busy accum 7020.9 ms over 8128 cbs
ds4: gpu busy accum 7044.2 ms over 8192 cbs
ds4: gpu busy accum 7066.7 ms over 8256 cbs
ds4: gpu busy accum 7089.0 ms over 8320 cbs
ds4: gpu busy accum 7112.9 ms over 8384 cbs
ds4: gpu busy accum 7136.0 ms over 8448 cbs
ds4: gpu busy accum 7158.7 ms over 8512 cbs
ds4: gpu busy accum 7182.4 ms over 8576 cbs
ds4: gpu busy accum 7204.1 ms over 8640 cbs
ds4: gpu busy accum 7228.0 ms over 8704 cbs
ds4: gpu busy accum 7251.8 ms over 8768 cbs
ds4: gpu busy accum 7274.5 ms over 8832 cbs
ds4: gpu busy accum 7296.8 ms over 8896 cbs
ds4: gpu busy accum 7320.5 ms over 8960 cbs
ds4: gpu busy accum 7344.3 ms over 9024 cbs
ds4: gpu busy accum 7366.9 ms over 9088 cbs
ds4: gpu busy accum 7391.2 ms over 9152 cbs
ds4: gpu busy accum 7413.4 ms over 9216 cbs
ds4: gpu busy accum 7437.2 ms over 9280 cbs
ds4: gpu busy accum 7461.1 ms over 9344 cbs
ds4: gpu busy accum 7483.9 ms over 9408 cbs
ds4: gpu busy accum 7507.7 ms over 9472 cbs
ds4: gpu busy accum 7530.6 ms over 9536 cbs
ds4: gpu busy accum 7554.2 ms over 9600 cbs
ds4: gpu busy accum 7577.2 ms over 9664 cbs
ds4: gpu busy accum 7601.3 ms over 9728 cbs
ds4: gpu busy accum 7624.1 ms over 9792 cbs
ds4: gpu busy accum 7648.8 ms over 9856 cbs
ds4: gpu busy accum 7673.5 ms over 9920 cbs
ds4: gpu busy accum 7695.8 ms over 9984 cbs
ds4: gpu busy accum 7719.4 ms over 10048 cbs
ds4: gpu busy accum 7741.8 ms over 10112 cbs
ds4: gpu busy accum 7765.8 ms over 10176 cbs
ds4: gpu busy accum 7788.9 ms over 10240 cbs
ds4: gpu busy accum 7813.0 ms over 10304 cbs
ds4: gpu busy accum 7835.5 ms over 10368 cbs
ds4: gpu busy accum 7859.3 ms over 10432 cbs
ds4: gpu busy accum 7883.3 ms over 10496 cbs
ds4: gpu busy accum 7906.0 ms over 10560 cbs
ds4: gpu busy accum 7929.2 ms over 10624 cbs
ds4: gpu busy accum 7952.2 ms over 10688 cbs
ds4: gpu busy accum 7975.4 ms over 10752 cbs
ds4: gpu busy accum 7997.9 ms over 10816 cbs
ds4: gpu busy accum 8021.5 ms over 10880 cbs
ds4: gpu busy accum 8043.7 ms over 10944 cbs
ds4: gpu busy accum 8067.5 ms over 11008 cbs
ds4: gpu busy accum 8091.7 ms over 11072 cbs
ds4: gpu busy accum 8115.3 ms over 11136 cbs
ds4: gpu busy accum 8138.9 ms over 11200 cbs
ds4: gpu busy accum 8162.3 ms over 11264 cbs
ds4: gpu busy accum 8187.0 ms over 11328 cbs
ds4: gpu busy accum 8211.3 ms over 11392 cbs
ds4: gpu busy accum 8234.9 ms over 11456 cbs
ds4: gpu busy accum 8258.1 ms over 11520 cbs
ds4: gpu busy accum 8281.9 ms over 11584 cbs
ds4: gpu busy accum 8305.4 ms over 11648 cbs
ds4: gpu busy accum 8328.5 ms over 11712 cbs
ds4: gpu busy accum 8352.3 ms over 11776 cbs
ds4: gpu busy accum 8374.3 ms over 11840 cbs
ds4: gpu busy accum 8397.3 ms over 11904 cbs
ds4: gpu busy accum 8420.5 ms over 11968 cbs
ds4: gpu busy accum 8443.6 ms over 12032 cbs
ds4: gpu busy accum 8465.7 ms over 12096 cbs
ds4: gpu busy accum 8489.2 ms over 12160 cbs
ds4: gpu busy accum 8512.5 ms over 12224 cbs
ds4: gpu busy accum 8535.7 ms over 12288 cbs
ds4: gpu busy accum 8559.8 ms over 12352 cbs
ds4: gpu busy accum 8582.5 ms over 12416 cbs
ds4: gpu busy accum 8606.7 ms over 12480 cbs
ds4: gpu busy accum 8630.9 ms over 12544 cbs
ds4: gpu busy accum 8654.5 ms over 12608 cbs
ds4: gpu busy accum 8677.3 ms over 12672 cbs
ds4: gpu busy accum 8701.7 ms over 12736 cbs
ds4: gpu busy accum 8725.9 ms over 12800 cbs
ds4: gpu busy accum 8749.4 ms over 12864 cbs
ds4: gpu busy accum 8773.3 ms over 12928 cbs
ds4: gpu busy accum 8795.7 ms over 12992 cbs
ds4: gpu busy accum 8819.2 ms over 13056 cbs
ds4: gpu busy accum 8842.9 ms over 13120 cbs
ds4: gpu busy accum 8866.0 ms over 13184 cbs
ds4: gpu busy accum 8888.7 ms over 13248 cbs
ds4: gpu busy accum 8912.4 ms over 13312 cbs
ds4: gpu busy accum 8935.5 ms over 13376 cbs
ds4: gpu busy accum 8958.1 ms over 13440 cbs
ds4: gpu busy accum 8981.8 ms over 13504 cbs
ds4: gpu busy accum 9004.5 ms over 13568 cbs
ds4: gpu busy accum 9027.7 ms over 13632 cbs
ds4: gpu busy accum 9050.7 ms over 13696 cbs
ds4: gpu busy accum 9073.5 ms over 13760 cbs
ds4: gpu busy accum 9096.9 ms over 13824 cbs
ds4: gpu busy accum 9118.9 ms over 13888 cbs
ds4: gpu busy accum 9143.2 ms over 13952 cbs
ds4: gpu busy accum 9166.1 ms over 14016 cbs
ds4: gpu busy accum 9189.8 ms over 14080 cbs
ds4: gpu busy accum 9211.9 ms over 14144 cbs
ds4: gpu busy accum 9235.1 ms over 14208 cbs
ds4: gpu busy accum 9259.0 ms over 14272 cbs
ds4: gpu busy accum 9281.7 ms over 14336 cbs
ds4: gpu busy accum 9304.9 ms over 14400 cbs
ds4: gpu busy accum 9327.8 ms over 14464 cbs
ds4: gpu busy accum 9350.9 ms over 14528 cbs
ds4: gpu busy accum 9373.6 ms over 14592 cbs
ds4: gpu busy accum 9398.4 ms over 14656 cbs
ds4: gpu busy accum 9421.0 ms over 14720 cbs
ds4: gpu busy accum 9445.2 ms over 14784 cbs
ds4: gpu busy accum 9468.6 ms over 14848 cbs
ds4: gpu busy accum 9491.3 ms over 14912 cbs
ds4: gpu busy accum 9514.5 ms over 14976 cbs
ds4: gpu busy accum 9536.5 ms over 15040 cbs
ds4: gpu busy accum 9560.2 ms over 15104 cbs
ds4: gpu busy accum 9582.7 ms over 15168 cbs
ds4: gpu busy accum 9606.4 ms over 15232 cbs
ds4: gpu busy accum 9628.6 ms over 15296 cbs
ds4: gpu busy accum 9652.2 ms over 15360 cbs
ds4: gpu busy accum 9676.0 ms over 15424 cbs
ds4: gpu busy accum 9698.6 ms over 15488 cbs
ds4: gpu busy accum 9722.2 ms over 15552 cbs
ds4: gpu busy accum 9744.1 ms over 15616 cbs
ds4: gpu busy accum 9767.2 ms over 15680 cbs
ds4: gpu busy accum 9790.5 ms over 15744 cbs
ds4: gpu busy accum 9813.8 ms over 15808 cbs
ds4: gpu busy accum 9836.3 ms over 15872 cbs
ds4: gpu busy accum 9860.7 ms over 15936 cbs
ds4: gpu busy accum 9884.0 ms over 16000 cbs
ds4: gpu busy accum 9906.8 ms over 16064 cbs
ds4: gpu busy accum 9930.7 ms over 16128 cbs
ds4: gpu busy accum 9952.5 ms over 16192 cbs
ds4: gpu busy accum 9976.0 ms over 16256 cbs
ds4: gpu busy accum 9999.4 ms over 16320 cbs
ds4: gpu busy accum 10022.0 ms over 16384 cbs
ds4: gpu busy accum 10044.3 ms over 16448 cbs
ds4: gpu busy accum 10068.0 ms over 16512 cbs
ds4: gpu busy accum 10091.7 ms over 16576 cbs
ds4: gpu busy accum 10114.1 ms over 16640 cbs
ds4: gpu busy accum 10137.8 ms over 16704 cbs
ds4: gpu busy accum 10160.3 ms over 16768 cbs
ds4: gpu busy accum 10185.3 ms over 16832 cbs
ds4: gpu busy accum 10209.4 ms over 16896 cbs
ds4: gpu busy accum 10232.9 ms over 16960 cbs
ds4: gpu busy accum 10257.3 ms over 17024 cbs
ds4: gpu busy accum 10279.6 ms over 17088 cbs
ds4: gpu busy accum 10303.3 ms over 17152 cbs
ds4: gpu busy accum 10326.3 ms over 17216 cbs
ds4: gpu busy accum 10349.9 ms over 17280 cbs
ds4: gpu busy accum 10371.5 ms over 17344 cbs
ds4: gpu busy accum 10394.7 ms over 17408 cbs
ds4: gpu busy accum 10418.2 ms over 17472 cbs
ds4: gpu busy accum 10441.0 ms over 17536 cbs
ds4: gpu busy accum 10464.5 ms over 17600 cbs
ds4: gpu busy accum 10486.4 ms over 17664 cbs
ds4: gpu busy accum 10509.7 ms over 17728 cbs
ds4: gpu busy accum 10532.2 ms over 17792 cbs
ds4: gpu busy accum 10555.6 ms over 17856 cbs
ds4: gpu busy accum 10577.6 ms over 17920 cbs
ds4: gpu busy accum 10601.1 ms over 17984 cbs
ds4: gpu busy accum 10624.4 ms over 18048 cbs
ds4: gpu busy accum 10647.6 ms over 18112 cbs
ds4: gpu busy accum 10670.6 ms over 18176 cbs
ds4: gpu busy accum 10693.4 ms over 18240 cbs
ds4: gpu busy accum 10717.4 ms over 18304 cbs
ds4: gpu busy accum 10741.6 ms over 18368 cbs
ds4: gpu busy accum 10764.2 ms over 18432 cbs
ds4: gpu busy accum 10786.5 ms over 18496 cbs
ds4: gpu busy accum 10809.9 ms over 18560 cbs
ds4: gpu busy accum 10832.9 ms over 18624 cbs
ds4: gpu busy accum 10855.5 ms over 18688 cbs
ds4: gpu busy accum 10878.8 ms over 18752 cbs
ds4: gpu busy accum 10900.8 ms over 18816 cbs
ds4: gpu busy accum 10924.0 ms over 18880 cbs
ds4: gpu busy accum 10947.1 ms over 18944 cbs
ds4: gpu busy accum 10969.7 ms over 19008 cbs
ds4: gpu busy accum 10991.9 ms over 19072 cbs
ds4: gpu busy accum 11015.3 ms over 19136 cbs
ds4: gpu busy accum 11039.4 ms over 19200 cbs
ds4: gpu busy accum 11062.5 ms over 19264 cbs
ds4: gpu busy accum 11085.9 ms over 19328 cbs
ds4: gpu busy accum 11107.8 ms over 19392 cbs
ds4: gpu busy accum 11131.9 ms over 19456 cbs
ds4: gpu busy accum 11156.0 ms over 19520 cbs
ds4: gpu busy accum 11179.6 ms over 19584 cbs
ds4: gpu busy accum 11201.9 ms over 19648 cbs
ds4: gpu busy accum 11225.7 ms over 19712 cbs
ds4: gpu busy accum 11248.8 ms over 19776 cbs
ds4: gpu busy accum 11271.4 ms over 19840 cbs
ds4: gpu busy accum 11294.8 ms over 19904 cbs
ds4: gpu busy accum 11316.6 ms over 19968 cbs
ds4: gpu busy accum 11339.9 ms over 20032 cbs
ds4: gpu busy accum 11362.9 ms over 20096 cbs
ds4: gpu busy accum 11385.6 ms over 20160 cbs
ds4: gpu busy accum 11408.9 ms over 20224 cbs
ds4: gpu busy accum 11430.8 ms over 20288 cbs
ds4: gpu busy accum 11455.0 ms over 20352 cbs
ds4: gpu busy accum 11478.4 ms over 20416 cbs
ds4: gpu busy accum 11502.2 ms over 20480 cbs
ds4: gpu busy accum 11524.6 ms over 20544 cbs
ds4: gpu busy accum 11548.4 ms over 20608 cbs
ds4: gpu busy accum 11572.1 ms over 20672 cbs
ds4: gpu busy accum 11595.6 ms over 20736 cbs
ds4: gpu busy accum 11618.7 ms over 20800 cbs
ds4: gpu busy accum 11641.4 ms over 20864 cbs
ds4: gpu busy accum 11664.7 ms over 20928 cbs
ds4: gpu busy accum 11688.3 ms over 20992 cbs
ds4: gpu busy accum 11711.0 ms over 21056 cbs
ds4: gpu busy accum 11733.4 ms over 21120 cbs
ds4: gpu busy accum 11756.7 ms over 21184 cbs
ds4: gpu busy accum 11781.2 ms over 21248 cbs
ds4: gpu busy accum 11803.8 ms over 21312 cbs
ds4: gpu busy accum 11827.7 ms over 21376 cbs
ds4: gpu busy accum 11849.7 ms over 21440 cbs
ds4: gpu busy accum 11873.2 ms over 21504 cbs
ds4: gpu busy accum 11896.4 ms over 21568 cbs
ds4: gpu busy accum 11919.0 ms over 21632 cbs
ds4: gpu busy accum 11941.9 ms over 21696 cbs
ds4: gpu busy accum 11965.9 ms over 21760 cbs
ds4: gpu busy accum 11990.2 ms over 21824 cbs
ds4: gpu busy accum 12014.2 ms over 21888 cbs
ds4: gpu busy accum 12038.7 ms over 21952 cbs
ds4: gpu busy accum 12061.5 ms over 22016 cbs
ds4: gpu busy accum 12085.8 ms over 22080 cbs
ds4: gpu busy accum 12109.9 ms over 22144 cbs
ds4: gpu busy accum 12133.0 ms over 22208 cbs
ds4: gpu busy accum 12155.1 ms over 22272 cbs
ds4: gpu busy accum 12178.4 ms over 22336 cbs
ds4: gpu busy accum 12201.6 ms over 22400 cbs
ds4: gpu busy accum 12224.7 ms over 22464 cbs
ds4: gpu busy accum 12248.1 ms over 22528 cbs
ds4: gpu busy accum 12270.0 ms over 22592 cbs
ds4: gpu busy accum 12293.3 ms over 22656 cbs
ds4: gpu busy accum 12316.4 ms over 22720 cbs
ds4: gpu busy accum 12339.1 ms over 22784 cbs
ds4: gpu busy accum 12362.8 ms over 22848 cbs
ds4: gpu busy accum 12384.8 ms over 22912 cbs
ds4: gpu busy accum 12408.1 ms over 22976 cbs
ds4: gpu busy accum 12430.6 ms over 23040 cbs
ds4: gpu busy accum 12455.3 ms over 23104 cbs
ds4: gpu busy accum 12477.8 ms over 23168 cbs
ds4: gpu busy accum 12502.1 ms over 23232 cbs
ds4: gpu busy accum 12526.1 ms over 23296 cbs
ds4: gpu busy accum 12549.9 ms over 23360 cbs
ds4: gpu busy accum 12573.4 ms over 23424 cbs
ds4: gpu busy accum 12596.5 ms over 23488 cbs
ds4: gpu busy accum 12620.4 ms over 23552 cbs
ds4: gpu busy accum 12644.5 ms over 23616 cbs
ds4: gpu busy accum 12667.9 ms over 23680 cbs
ds4: gpu busy accum 12690.6 ms over 23744 cbs
ds4: gpu busy accum 12714.6 ms over 23808 cbs
ds4: gpu busy accum 12738.8 ms over 23872 cbs
ds4: gpu busy accum 12761.9 ms over 23936 cbs
ds4: gpu busy accum 12786.0 ms over 24000 cbs
ds4: gpu busy accum 12808.7 ms over 24064 cbs
ds4: gpu busy accum 12832.3 ms over 24128 cbs
ds4: gpu busy accum 12855.5 ms over 24192 cbs
ds4: gpu busy accum 12878.4 ms over 24256 cbs
ds4: gpu busy accum 12900.9 ms over 24320 cbs
ds4: gpu busy accum 12924.2 ms over 24384 cbs
ds4: gpu busy accum 12947.6 ms over 24448 cbs
ds4: gpu busy accum 12970.2 ms over 24512 cbs
ds4: gpu busy accum 12993.6 ms over 24576 cbs
ds4: gpu busy accum 13015.6 ms over 24640 cbs
ds4: gpu busy accum 13038.8 ms over 24704 cbs
ds4: gpu busy accum 13062.2 ms over 24768 cbs
ds4: gpu busy accum 13084.8 ms over 24832 cbs
ds4: gpu busy accum 13107.4 ms over 24896 cbs
ds4: gpu busy accum 13130.7 ms over 24960 cbs
ds4: gpu busy accum 13154.0 ms over 25024 cbs
ds4: gpu busy accum 13177.0 ms over 25088 cbs
ds4: gpu busy accum 13200.9 ms over 25152 cbs
ds4: gpu busy accum 13224.0 ms over 25216 cbs
ds4: gpu busy accum 13248.3 ms over 25280 cbs
ds4: gpu busy accum 13272.1 ms over 25344 cbs
ds4: gpu busy accum 13295.3 ms over 25408 cbs
ds4: gpu busy accum 13319.0 ms over 25472 cbs
ds4: gpu busy accum 13341.2 ms over 25536 cbs
ds4: gpu busy accum 13364.7 ms over 25600 cbs
ds4: gpu busy accum 13387.5 ms over 25664 cbs
ds4: gpu busy accum 13411.8 ms over 25728 cbs
ds4: gpu busy accum 13434.3 ms over 25792 cbs
ds4: gpu busy accum 13457.7 ms over 25856 cbs
ds4: gpu busy accum 13481.5 ms over 25920 cbs
ds4: gpu busy accum 13504.4 ms over 25984 cbs
ds4: gpu busy accum 13527.4 ms over 26048 cbs
ds4: gpu busy accum 13550.5 ms over 26112 cbs
ds4: gpu busy accum 13573.6 ms over 26176 cbs
ds4: gpu busy accum 13597.0 ms over 26240 cbs
ds4: gpu busy accum 13620.2 ms over 26304 cbs
ds4: gpu busy accum 13642.5 ms over 26368 cbs
ds4: gpu busy accum 13665.9 ms over 26432 cbs
ds4: gpu busy accum 13689.0 ms over 26496 cbs
ds4: gpu busy accum 13712.3 ms over 26560 cbs
ds4: gpu busy accum 13735.9 ms over 26624 cbs
ds4: gpu busy accum 13758.0 ms over 26688 cbs
ds4: gpu busy accum 13781.4 ms over 26752 cbs
ds4: gpu busy accum 13804.8 ms over 26816 cbs
ds4: gpu busy accum 13827.6 ms over 26880 cbs
ds4: gpu busy accum 13849.9 ms over 26944 cbs
ds4: gpu busy accum 13873.4 ms over 27008 cbs
ds4: gpu busy accum 13896.7 ms over 27072 cbs
ds4: gpu busy accum 13919.5 ms over 27136 cbs
ds4: gpu busy accum 13943.3 ms over 27200 cbs
ds4: gpu busy accum 13965.7 ms over 27264 cbs
ds4: gpu busy accum 13989.6 ms over 27328 cbs
ds4: gpu busy accum 14013.4 ms over 27392 cbs
ds4: gpu busy accum 14036.6 ms over 27456 cbs
ds4: gpu busy accum 14059.0 ms over 27520 cbs
ds4: gpu busy accum 14082.8 ms over 27584 cbs
ds4: gpu busy accum 14106.2 ms over 27648 cbs
ds4: gpu busy accum 14129.9 ms over 27712 cbs
ds4: gpu busy accum 14153.4 ms over 27776 cbs
ds4: gpu busy accum 14175.6 ms over 27840 cbs
ds4: gpu busy accum 14200.2 ms over 27904 cbs
ds4: gpu busy accum 14223.5 ms over 27968 cbs
ds4: gpu busy accum 14246.9 ms over 28032 cbs
ds4: gpu busy accum 14270.7 ms over 28096 cbs
ds4: gpu busy accum 14293.2 ms over 28160 cbs
ds4: gpu busy accum 14317.1 ms over 28224 cbs
ds4: gpu busy accum 14340.3 ms over 28288 cbs
ds4: gpu busy accum 14365.4 ms over 28352 cbs
ds4: gpu busy accum 14388.4 ms over 28416 cbs
ds4: gpu busy accum 14412.4 ms over 28480 cbs
ds4: gpu busy accum 14436.6 ms over 28544 cbs
ds4: gpu busy accum 14460.4 ms over 28608 cbs
ds4: gpu busy accum 14484.0 ms over 28672 cbs
ds4: gpu busy accum 14507.3 ms over 28736 cbs
ds4: gpu busy accum 14531.6 ms over 28800 cbs
ds4: gpu busy accum 14554.7 ms over 28864 cbs
ds4: gpu busy accum 14578.7 ms over 28928 cbs
ds4: gpu busy accum 14601.5 ms over 28992 cbs
ds4: gpu busy accum 14624.7 ms over 29056 cbs
ds4: gpu busy accum 14647.8 ms over 29120 cbs
ds4: gpu busy accum 14671.7 ms over 29184 cbs
ds4: gpu busy accum 14696.2 ms over 29248 cbs
ds4: gpu busy accum 14718.9 ms over 29312 cbs
ds4: gpu busy accum 14742.6 ms over 29376 cbs
ds4: gpu busy accum 14766.1 ms over 29440 cbs
ds4: gpu busy accum 14788.7 ms over 29504 cbs
ds4: gpu busy accum 14812.2 ms over 29568 cbs
ds4: gpu busy accum 14835.5 ms over 29632 cbs
ds4: gpu busy accum 14859.2 ms over 29696 cbs
ds4: gpu busy accum 14882.5 ms over 29760 cbs
ds4: gpu busy accum 14905.2 ms over 29824 cbs
ds4: gpu busy accum 14927.8 ms over 29888 cbs
ds4: gpu busy accum 14950.8 ms over 29952 cbs
ds4: gpu busy accum 14974.1 ms over 30016 cbs
ds4: gpu busy accum 14998.0 ms over 30080 cbs
ds4: gpu busy accum 15020.7 ms over 30144 cbs
ds4: gpu busy accum 15044.2 ms over 30208 cbs
ds4: gpu busy accum 15067.5 ms over 30272 cbs
ds4: gpu busy accum 15091.5 ms over 30336 cbs
ds4: gpu busy accum 15114.4 ms over 30400 cbs
ds4: gpu busy accum 15137.5 ms over 30464 cbs
ds4: gpu busy accum 15161.2 ms over 30528 cbs
ds4: gpu busy accum 15185.2 ms over 30592 cbs
ds4: gpu busy accum 15208.3 ms over 30656 cbs
ds4: gpu busy accum 15230.6 ms over 30720 cbs
ds4: gpu busy accum 15253.8 ms over 30784 cbs
ds4: gpu busy accum 15276.9 ms over 30848 cbs
ds4: gpu busy accum 15300.0 ms over 30912 cbs
ds4: gpu busy accum 15324.0 ms over 30976 cbs
ds4: gpu busy accum 15346.1 ms over 31040 cbs
ds4: gpu busy accum 15369.7 ms over 31104 cbs
ds4: gpu busy accum 15393.5 ms over 31168 cbs
ds4: gpu busy accum 15415.9 ms over 31232 cbs
ds4: gpu busy accum 15438.5 ms over 31296 cbs
ds4: gpu busy accum 15461.8 ms over 31360 cbs
ds4: gpu busy accum 15485.7 ms over 31424 cbs
ds4: gpu busy accum 15508.1 ms over 31488 cbs
ds4: gpu busy accum 15531.6 ms over 31552 cbs
ds4: gpu busy accum 15553.4 ms over 31616 cbs
ds4: gpu busy accum 15576.6 ms over 31680 cbs
ds4: gpu busy accum 15599.8 ms over 31744 cbs
ds4: gpu busy accum 15623.1 ms over 31808 cbs
ds4: gpu busy accum 15645.7 ms over 31872 cbs
ds4: gpu busy accum 15668.8 ms over 31936 cbs
ds4: gpu busy accum 15692.1 ms over 32000 cbs
ds4: gpu busy accum 15714.5 ms over 32064 cbs
ds4: gpu busy accum 15738.2 ms over 32128 cbs
ds4: gpu busy accum 15759.8 ms over 32192 cbs
ds4: gpu busy accum 15783.0 ms over 32256 cbs
ds4: gpu busy accum 15806.1 ms over 32320 cbs
ds4: gpu busy accum 15828.5 ms over 32384 cbs
ds4: gpu busy accum 15852.0 ms over 32448 cbs
ds4: gpu busy accum 15874.0 ms over 32512 cbs
ds4: gpu busy accum 15897.2 ms over 32576 cbs
ds4: gpu busy accum 15919.8 ms over 32640 cbs
ds4: gpu busy accum 15944.0 ms over 32704 cbs
ds4: gpu busy accum 15965.7 ms over 32768 cbs
ds4: gpu busy accum 15988.9 ms over 32832 cbs
ds4: gpu busy accum 16012.0 ms over 32896 cbs
ds4: gpu busy accum 16034.7 ms over 32960 cbs
ds4: gpu busy accum 16057.9 ms over 33024 cbs
ds4: gpu busy accum 16079.9 ms over 33088 cbs
ds4: gpu busy accum 16103.2 ms over 33152 cbs
ds4: gpu busy accum 16126.3 ms over 33216 cbs
ds4: gpu busy accum 16149.9 ms over 33280 cbs
ds4: gpu busy accum 16172.1 ms over 33344 cbs
ds4: gpu busy accum 16195.5 ms over 33408 cbs
ds4: gpu busy accum 16218.6 ms over 33472 cbs
ds4: gpu busy accum 16241.4 ms over 33536 cbs
ds4: gpu busy accum 16264.9 ms over 33600 cbs
ds4: gpu busy accum 16286.7 ms over 33664 cbs
ds4: gpu busy accum 16309.7 ms over 33728 cbs
ds4: gpu busy accum 16332.9 ms over 33792 cbs
ds4: gpu busy accum 16355.5 ms over 33856 cbs
ds4: gpu busy accum 16378.2 ms over 33920 cbs
ds4: gpu busy accum 16401.4 ms over 33984 cbs
ds4: gpu busy accum 16424.4 ms over 34048 cbs
ds4: gpu busy accum 16447.1 ms over 34112 cbs
ds4: gpu busy accum 16470.7 ms over 34176 cbs
ds4: gpu busy accum 16492.3 ms over 34240 cbs
ds4: gpu busy accum 16515.6 ms over 34304 cbs
ds4: gpu busy accum 16539.5 ms over 34368 cbs
ds4: gpu busy accum 16562.3 ms over 34432 cbs
ds4: gpu busy accum 16584.9 ms over 34496 cbs
ds4: gpu busy accum 16608.4 ms over 34560 cbs
ds4: gpu busy accum 16631.8 ms over 34624 cbs
ds4: gpu busy accum 16654.5 ms over 34688 cbs
ds4: gpu busy accum 16678.6 ms over 34752 cbs
ds4: gpu busy accum 16700.5 ms over 34816 cbs
ds4: gpu busy accum 16723.7 ms over 34880 cbs
ds4: gpu busy accum 16747.0 ms over 34944 cbs
ds4: gpu busy accum 16770.1 ms over 35008 cbs
ds4: gpu busy accum 16793.3 ms over 35072 cbs
ds4: gpu busy accum 16815.3 ms over 35136 cbs
ds4: gpu busy accum 16838.5 ms over 35200 cbs
ds4: gpu busy accum 16861.5 ms over 35264 cbs
ds4: gpu busy accum 16885.7 ms over 35328 cbs
ds4: gpu busy accum 16907.3 ms over 35392 cbs
ds4: gpu busy accum 16931.0 ms over 35456 cbs
ds4: gpu busy accum 16954.4 ms over 35520 cbs
ds4: gpu busy accum 16977.3 ms over 35584 cbs
ds4: gpu busy accum 17000.6 ms over 35648 cbs
ds4: gpu busy accum 17022.6 ms over 35712 cbs
ds4: gpu busy accum 17046.2 ms over 35776 cbs
ds4: gpu busy accum 17069.4 ms over 35840 cbs
ds4: gpu busy accum 17093.3 ms over 35904 cbs
ds4: gpu busy accum 17115.7 ms over 35968 cbs
ds4: gpu busy accum 17139.0 ms over 36032 cbs
ds4: gpu busy accum 17162.7 ms over 36096 cbs
ds4: gpu busy accum 17186.6 ms over 36160 cbs
ds4: gpu busy accum 17210.9 ms over 36224 cbs
ds4: gpu busy accum 17233.4 ms over 36288 cbs
ds4: gpu busy accum 17256.8 ms over 36352 cbs
ds4: gpu busy accum 17280.2 ms over 36416 cbs
ds4: gpu busy accum 17303.0 ms over 36480 cbs
ds4: gpu busy accum 17325.3 ms over 36544 cbs
ds4: gpu busy accum 17348.7 ms over 36608 cbs
ds4: gpu busy accum 17371.9 ms over 36672 cbs
ds4: gpu busy accum 17394.7 ms over 36736 cbs
ds4: gpu busy accum 17418.4 ms over 36800 cbs
ds4: gpu busy accum 17440.1 ms over 36864 cbs
ds4: gpu busy accum 17463.4 ms over 36928 cbs
ds4: gpu busy accum 17486.6 ms over 36992 cbs
ds4: gpu busy accum 17509.3 ms over 37056 cbs
ds4: gpu busy accum 17532.0 ms over 37120 cbs
ds4: gpu busy accum 17555.6 ms over 37184 cbs
ds4: gpu busy accum 17578.8 ms over 37248 cbs
ds4: gpu busy accum 17602.1 ms over 37312 cbs
ds4: gpu busy accum 17625.8 ms over 37376 cbs
ds4: gpu busy accum 17647.4 ms over 37440 cbs
ds4: gpu busy accum 17670.6 ms over 37504 cbs
ds4: gpu busy accum 17693.8 ms over 37568 cbs
ds4: gpu busy accum 17716.3 ms over 37632 cbs
ds4: gpu busy accum 17739.6 ms over 37696 cbs
ds4: gpu busy accum 17761.8 ms over 37760 cbs
ds4: gpu busy accum 17784.9 ms over 37824 cbs
ds4: gpu busy accum 17807.4 ms over 37888 cbs
ds4: gpu busy accum 17831.0 ms over 37952 cbs
ds4: gpu busy accum 17852.6 ms over 38016 cbs
ds4: gpu busy accum 17875.8 ms over 38080 cbs
ds4: gpu busy accum 17898.9 ms over 38144 cbs
ds4: gpu busy accum 17921.6 ms over 38208 cbs
ds4: gpu busy accum 17945.2 ms over 38272 cbs
ds4: gpu busy accum 17967.8 ms over 38336 cbs
ds4: gpu busy accum 17991.1 ms over 38400 cbs
ds4: gpu busy accum 18013.6 ms over 38464 cbs
ds4: gpu busy accum 18036.9 ms over 38528 cbs
ds4: gpu busy accum 18059.1 ms over 38592 cbs
ds4: gpu busy accum 18082.3 ms over 38656 cbs
ds4: gpu busy accum 18105.7 ms over 38720 cbs
ds4: gpu busy accum 18128.4 ms over 38784 cbs
ds4: gpu busy accum 18152.2 ms over 38848 cbs
ds4: gpu busy accum 18174.0 ms over 38912 cbs
ds4: gpu busy accum 18197.0 ms over 38976 cbs
ds4: gpu busy accum 18220.2 ms over 39040 cbs
ds4: gpu busy accum 18242.7 ms over 39104 cbs
ds4: gpu busy accum 18264.9 ms over 39168 cbs
ds4: gpu busy accum 18288.7 ms over 39232 cbs
ds4: gpu busy accum 18311.8 ms over 39296 cbs
ds4: gpu busy accum 18334.7 ms over 39360 cbs
ds4: gpu busy accum 18358.3 ms over 39424 cbs
ds4: gpu busy accum 18380.0 ms over 39488 cbs
ds4: gpu busy accum 18403.2 ms over 39552 cbs
ds4: gpu busy accum 18426.2 ms over 39616 cbs
ds4: gpu busy accum 18449.0 ms over 39680 cbs
ds4: gpu busy accum 18471.2 ms over 39744 cbs
ds4: gpu busy accum 18494.3 ms over 39808 cbs
ds4: gpu busy accum 18517.5 ms over 39872 cbs
ds4: gpu busy accum 18540.0 ms over 39936 cbs
ds4: gpu busy accum 18563.7 ms over 40000 cbs
ds4: gpu busy accum 18586.6 ms over 40064 cbs
ds4: gpu busy accum 18610.2 ms over 40128 cbs
ds4: gpu busy accum 18633.7 ms over 40192 cbs
ds4: gpu busy accum 18656.5 ms over 40256 cbs
ds4: gpu busy accum 18680.0 ms over 40320 cbs
ds4: gpu busy accum 18702.1 ms over 40384 cbs
ds4: gpu busy accum 18725.2 ms over 40448 cbs
ds4: gpu busy accum 18748.3 ms over 40512 cbs
ds4: gpu busy accum 18772.0 ms over 40576 cbs
ds4: gpu busy accum 18793.7 ms over 40640 cbs
ds4: gpu busy accum 18817.0 ms over 40704 cbs
ds4: gpu busy accum 18840.1 ms over 40768 cbs
ds4: gpu busy accum 18862.7 ms over 40832 cbs
ds4: gpu busy accum 18885.8 ms over 40896 cbs
ds4: gpu busy accum 18907.7 ms over 40960 cbs
ds4: gpu busy accum 18930.9 ms over 41024 cbs
ds4: gpu busy accum 18953.8 ms over 41088 cbs
ds4: gpu busy accum 18977.6 ms over 41152 cbs
ds4: gpu busy accum 19000.1 ms over 41216 cbs
ds4: gpu busy accum 19023.4 ms over 41280 cbs
ds4: gpu busy accum 19046.7 ms over 41344 cbs
ds4: gpu busy accum 19069.5 ms over 41408 cbs
ds4: gpu busy accum 19093.3 ms over 41472 cbs
ds4: gpu busy accum 19115.2 ms over 41536 cbs
ds4: gpu busy accum 19138.4 ms over 41600 cbs
ds4: gpu busy accum 19161.8 ms over 41664 cbs
ds4: gpu busy accum 19184.4 ms over 41728 cbs
ds4: gpu busy accum 19206.6 ms over 41792 cbs
ds4: gpu busy accum 19229.9 ms over 41856 cbs
ds4: gpu busy accum 19253.0 ms over 41920 cbs
ds4: gpu busy accum 19275.7 ms over 41984 cbs
ds4: gpu busy accum 19299.8 ms over 42048 cbs
ds4: gpu busy accum 19321.3 ms over 42112 cbs
ds4: gpu busy accum 19344.5 ms over 42176 cbs
ds4: gpu busy accum 20071.1 ms over 42240 cbs
ds4: gpu busy accum 21338.5 ms over 42304 cbs
ds4: gpu busy accum 22729.0 ms over 42368 cbs
ds4: gpu busy accum 23596.8 ms over 42432 cbs
ds4: gpu busy accum 23643.2 ms over 42496 cbs
ds4: gpu busy accum 23666.1 ms over 42560 cbs
ds4: gpu busy accum 23690.8 ms over 42624 cbs
ds4: gpu busy accum 23715.2 ms over 42688 cbs
ds4: gpu busy accum 23738.8 ms over 42752 cbs
ds4: gpu busy accum 23761.7 ms over 42816 cbs
ds4: gpu busy accum 23786.3 ms over 42880 cbs
ds4: gpu busy accum 23810.1 ms over 42944 cbs
ds4: gpu busy accum 23834.1 ms over 43008 cbs
ds4: gpu busy accum 23858.7 ms over 43072 cbs
ds4: gpu busy accum 23881.3 ms over 43136 cbs
ds4: gpu busy accum 23905.7 ms over 43200 cbs
ds4: gpu busy accum 23929.1 ms over 43264 cbs
ds4: gpu busy accum 23951.6 ms over 43328 cbs
ds4: gpu busy accum 23973.8 ms over 43392 cbs
ds4: gpu busy accum 23997.0 ms over 43456 cbs
ds4: gpu busy accum 24020.4 ms over 43520 cbs
ds4: gpu busy accum 24042.9 ms over 43584 cbs
ds4: gpu busy accum 24067.3 ms over 43648 cbs
ds4: gpu busy accum 24089.1 ms over 43712 cbs
ds4: gpu busy accum 24112.7 ms over 43776 cbs
ds4: gpu busy accum 24137.1 ms over 43840 cbs
ds4: gpu busy accum 24159.7 ms over 43904 cbs
ds4: gpu busy accum 24183.1 ms over 43968 cbs
ds4: gpu busy accum 24205.2 ms over 44032 cbs
ds4: gpu busy accum 24228.4 ms over 44096 cbs
ds4: gpu busy accum 24250.9 ms over 44160 cbs
ds4: gpu busy accum 24274.7 ms over 44224 cbs
ds4: gpu busy accum 24296.3 ms over 44288 cbs
ds4: gpu busy accum 24319.5 ms over 44352 cbs
ds4: gpu busy accum 24342.7 ms over 44416 cbs
ds4: gpu busy accum 24365.3 ms over 44480 cbs
ds4: gpu busy accum 24388.6 ms over 44544 cbs
ds4: gpu busy accum 24410.9 ms over 44608 cbs
ds4: gpu busy accum 24434.2 ms over 44672 cbs
ds4: gpu busy accum 24456.6 ms over 44736 cbs
ds4: gpu busy accum 24479.8 ms over 44800 cbs
ds4: gpu busy accum 24502.1 ms over 44864 cbs
ds4: gpu busy accum 24525.1 ms over 44928 cbs
ds4: gpu busy accum 24548.3 ms over 44992 cbs
ds4: gpu busy accum 24571.0 ms over 45056 cbs
ds4: gpu busy accum 24594.7 ms over 45120 cbs
ds4: gpu busy accum 24616.5 ms over 45184 cbs
ds4: gpu busy accum 24640.2 ms over 45248 cbs
ds4: gpu busy accum 24663.4 ms over 45312 cbs
ds4: gpu busy accum 24685.9 ms over 45376 cbs
ds4: gpu busy accum 24708.1 ms over 45440 cbs
ds4: gpu busy accum 24731.3 ms over 45504 cbs
ds4: gpu busy accum 24754.4 ms over 45568 cbs
ds4: gpu busy accum 24777.2 ms over 45632 cbs
ds4: gpu busy accum 24801.0 ms over 45696 cbs
ds4: gpu busy accum 24822.5 ms over 45760 cbs
ds4: gpu busy accum 24845.7 ms over 45824 cbs
ds4: gpu busy accum 24868.8 ms over 45888 cbs
ds4: gpu busy accum 24891.9 ms over 45952 cbs
ds4: gpu busy accum 24914.1 ms over 46016 cbs
ds4: gpu busy accum 24937.4 ms over 46080 cbs
ds4: gpu busy accum 24960.7 ms over 46144 cbs
ds4: gpu busy accum 24983.1 ms over 46208 cbs
ds4: gpu busy accum 25006.8 ms over 46272 cbs
ds4: gpu busy accum 25029.1 ms over 46336 cbs
ds4: gpu busy accum 25052.2 ms over 46400 cbs
ds4: gpu busy accum 25075.4 ms over 46464 cbs
ds4: gpu busy accum 25097.9 ms over 46528 cbs
ds4: gpu busy accum 25121.3 ms over 46592 cbs
ds4: gpu busy accum 25144.0 ms over 46656 cbs
ds4: gpu busy accum 25168.2 ms over 46720 cbs
ds4: gpu busy accum 25191.7 ms over 46784 cbs
ds4: gpu busy accum 25216.3 ms over 46848 cbs
ds4: gpu busy accum 25239.0 ms over 46912 cbs
ds4: gpu busy accum 25263.3 ms over 46976 cbs
ds4: gpu busy accum 25287.5 ms over 47040 cbs
ds4: gpu busy accum 25311.9 ms over 47104 cbs
ds4: gpu busy accum 25336.1 ms over 47168 cbs
ds4: gpu busy accum 25358.9 ms over 47232 cbs
ds4: gpu busy accum 25383.3 ms over 47296 cbs
ds4: gpu busy accum 25406.7 ms over 47360 cbs
ds4: gpu busy accum 25430.8 ms over 47424 cbs
ds4: gpu busy accum 25453.8 ms over 47488 cbs
ds4: gpu busy accum 25478.3 ms over 47552 cbs
ds4: gpu busy accum 25502.5 ms over 47616 cbs
ds4: gpu busy accum 25526.4 ms over 47680 cbs
ds4: gpu busy accum 25551.5 ms over 47744 cbs
ds4: gpu busy accum 25574.4 ms over 47808 cbs
ds4: gpu busy accum 25598.4 ms over 47872 cbs
ds4: gpu busy accum 25622.9 ms over 47936 cbs
ds4: gpu busy accum 25646.3 ms over 48000 cbs
ds4: gpu busy accum 25669.6 ms over 48064 cbs
ds4: gpu busy accum 25693.3 ms over 48128 cbs
ds4: gpu busy accum 25716.5 ms over 48192 cbs
ds4: gpu busy accum 25739.6 ms over 48256 cbs
ds4: gpu busy accum 25763.9 ms over 48320 cbs
ds4: gpu busy accum 25785.8 ms over 48384 cbs
ds4: gpu busy accum 25809.7 ms over 48448 cbs
ds4: gpu busy accum 25833.0 ms over 48512 cbs
ds4: gpu busy accum 25855.7 ms over 48576 cbs
ds4: gpu busy accum 25878.0 ms over 48640 cbs
ds4: gpu busy accum 25902.2 ms over 48704 cbs
ds4: gpu busy accum 25925.8 ms over 48768 cbs
ds4: gpu busy accum 25948.4 ms over 48832 cbs
ds4: gpu busy accum 25972.6 ms over 48896 cbs
ds4: gpu busy accum 25995.0 ms over 48960 cbs
ds4: gpu busy accum 26018.6 ms over 49024 cbs
ds4: gpu busy accum 26041.8 ms over 49088 cbs
ds4: gpu busy accum 26064.4 ms over 49152 cbs
ds4: gpu busy accum 26088.2 ms over 49216 cbs
ds4: gpu busy accum 26111.4 ms over 49280 cbs
ds4: gpu busy accum 26134.6 ms over 49344 cbs
ds4: gpu busy accum 26158.4 ms over 49408 cbs
ds4: gpu busy accum 26182.1 ms over 49472 cbs
ds4: gpu busy accum 26205.3 ms over 49536 cbs
ds4: gpu busy accum 26228.6 ms over 49600 cbs
ds4: gpu busy accum 26251.9 ms over 49664 cbs
ds4: gpu busy accum 26274.5 ms over 49728 cbs
ds4: gpu busy accum 26297.8 ms over 49792 cbs
ds4: gpu busy accum 26320.0 ms over 49856 cbs
ds4: gpu busy accum 26343.2 ms over 49920 cbs
ds4: gpu busy accum 26365.7 ms over 49984 cbs
ds4: gpu busy accum 26388.9 ms over 50048 cbs
ds4: gpu busy accum 26411.1 ms over 50112 cbs
ds4: gpu busy accum 26434.1 ms over 50176 cbs
ds4: gpu busy accum 26457.3 ms over 50240 cbs
ds4: gpu busy accum 26480.0 ms over 50304 cbs
ds4: gpu busy accum 26503.7 ms over 50368 cbs
ds4: gpu busy accum 26525.5 ms over 50432 cbs
ds4: gpu busy accum 26548.6 ms over 50496 cbs
ds4: gpu busy accum 26571.9 ms over 50560 cbs
ds4: gpu busy accum 26594.8 ms over 50624 cbs
ds4: gpu busy accum 26618.0 ms over 50688 cbs
ds4: gpu busy accum 26641.2 ms over 50752 cbs
ds4: gpu busy accum 26664.2 ms over 50816 cbs
ds4: gpu busy accum 26686.8 ms over 50880 cbs
ds4: gpu busy accum 26710.7 ms over 50944 cbs
ds4: gpu busy accum 26733.0 ms over 51008 cbs
ds4: gpu busy accum 26756.3 ms over 51072 cbs
ds4: gpu busy accum 26779.9 ms over 51136 cbs
ds4: gpu busy accum 26802.7 ms over 51200 cbs
ds4: gpu busy accum 26825.5 ms over 51264 cbs
ds4: gpu busy accum 26848.7 ms over 51328 cbs
ds4: gpu busy accum 26871.9 ms over 51392 cbs
ds4: gpu busy accum 26894.5 ms over 51456 cbs
ds4: gpu busy accum 26918.5 ms over 51520 cbs
ds4: gpu busy accum 26940.1 ms over 51584 cbs
ds4: gpu busy accum 26963.3 ms over 51648 cbs
ds4: gpu busy accum 26986.7 ms over 51712 cbs
ds4: gpu busy accum 27009.8 ms over 51776 cbs
ds4: gpu busy accum 27033.1 ms over 51840 cbs
ds4: gpu busy accum 27056.1 ms over 51904 cbs
ds4: gpu busy accum 27079.8 ms over 51968 cbs
ds4: gpu busy accum 27102.3 ms over 52032 cbs
ds4: gpu busy accum 27126.0 ms over 52096 cbs
ds4: gpu busy accum 27147.6 ms over 52160 cbs
ds4: gpu busy accum 27170.8 ms over 52224 cbs
ds4: gpu busy accum 27193.9 ms over 52288 cbs
ds4: gpu busy accum 27217.7 ms over 52352 cbs
ds4: gpu busy accum 27240.8 ms over 52416 cbs
ds4: gpu busy accum 27262.8 ms over 52480 cbs
ds4: gpu busy accum 27286.0 ms over 52544 cbs
ds4: gpu busy accum 27308.5 ms over 52608 cbs
ds4: gpu busy accum 27331.7 ms over 52672 cbs
ds4: gpu busy accum 27354.6 ms over 52736 cbs
ds4: gpu busy accum 27377.9 ms over 52800 cbs
ds4: gpu busy accum 27401.6 ms over 52864 cbs
ds4: gpu busy accum 27424.8 ms over 52928 cbs
ds4: gpu busy accum 27448.7 ms over 52992 cbs
ds4: gpu busy accum 27471.1 ms over 53056 cbs
ds4: gpu busy accum 27494.8 ms over 53120 cbs
ds4: gpu busy accum 27518.7 ms over 53184 cbs
ds4: gpu busy accum 27541.7 ms over 53248 cbs
ds4: gpu busy accum 27564.3 ms over 53312 cbs
ds4: gpu busy accum 27587.6 ms over 53376 cbs
ds4: gpu busy accum 27610.6 ms over 53440 cbs
ds4: gpu busy accum 27633.7 ms over 53504 cbs
ds4: gpu busy accum 27657.6 ms over 53568 cbs
ds4: gpu busy accum 27679.2 ms over 53632 cbs
ds4: gpu busy accum 27702.6 ms over 53696 cbs
ds4: gpu busy accum 27726.2 ms over 53760 cbs
ds4: gpu busy accum 27748.8 ms over 53824 cbs
ds4: gpu busy accum 27771.0 ms over 53888 cbs
ds4: gpu busy accum 27794.4 ms over 53952 cbs
ds4: gpu busy accum 27817.7 ms over 54016 cbs
ds4: gpu busy accum 27840.3 ms over 54080 cbs
ds4: gpu busy accum 27863.7 ms over 54144 cbs
ds4: gpu busy accum 27885.7 ms over 54208 cbs
ds4: gpu busy accum 27908.8 ms over 54272 cbs
ds4: gpu busy accum 27932.7 ms over 54336 cbs
ds4: gpu busy accum 27955.5 ms over 54400 cbs
ds4: gpu busy accum 27977.8 ms over 54464 cbs
ds4: gpu busy accum 28001.9 ms over 54528 cbs
ds4: gpu busy accum 28025.6 ms over 54592 cbs
ds4: gpu busy accum 28048.1 ms over 54656 cbs
ds4: gpu busy accum 28072.3 ms over 54720 cbs
ds4: gpu busy accum 28095.1 ms over 54784 cbs
ds4: gpu busy accum 28118.7 ms over 54848 cbs
ds4: gpu busy accum 28142.3 ms over 54912 cbs
ds4: gpu busy accum 28165.0 ms over 54976 cbs
ds4: gpu busy accum 28188.6 ms over 55040 cbs
ds4: gpu busy accum 28210.7 ms over 55104 cbs
ds4: gpu busy accum 28234.1 ms over 55168 cbs
ds4: gpu busy accum 28256.9 ms over 55232 cbs
ds4: gpu busy accum 28281.3 ms over 55296 cbs
ds4: gpu busy accum 28303.0 ms over 55360 cbs
ds4: gpu busy accum 28326.7 ms over 55424 cbs
ds4: gpu busy accum 28349.9 ms over 55488 cbs
ds4: gpu busy accum 28372.6 ms over 55552 cbs
ds4: gpu busy accum 28396.4 ms over 55616 cbs
ds4: gpu busy accum 28419.2 ms over 55680 cbs
ds4: gpu busy accum 28442.9 ms over 55744 cbs
ds4: gpu busy accum 28465.6 ms over 55808 cbs
ds4: gpu busy accum 28489.4 ms over 55872 cbs
ds4: gpu busy accum 28511.6 ms over 55936 cbs
ds4: gpu busy accum 28534.8 ms over 56000 cbs
ds4: gpu busy accum 28558.1 ms over 56064 cbs
ds4: gpu busy accum 28581.2 ms over 56128 cbs
ds4: gpu busy accum 28604.8 ms over 56192 cbs
ds4: gpu busy accum 28627.2 ms over 56256 cbs
ds4: gpu busy accum 28651.2 ms over 56320 cbs
ds4: gpu busy accum 28674.4 ms over 56384 cbs
ds4: gpu busy accum 28696.8 ms over 56448 cbs
ds4: gpu busy accum 28719.1 ms over 56512 cbs
ds4: gpu busy accum 28742.3 ms over 56576 cbs
ds4: gpu busy accum 28765.4 ms over 56640 cbs
ds4: gpu busy accum 28788.0 ms over 56704 cbs
ds4: gpu busy accum 28811.4 ms over 56768 cbs
ds4: gpu busy accum 28833.4 ms over 56832 cbs
ds4: gpu busy accum 28856.6 ms over 56896 cbs
ds4: gpu busy accum 28879.7 ms over 56960 cbs
ds4: gpu busy accum 28902.2 ms over 57024 cbs
ds4: gpu busy accum 28924.4 ms over 57088 cbs
ds4: gpu busy accum 28947.6 ms over 57152 cbs
ds4: gpu busy accum 28971.5 ms over 57216 cbs
ds4: gpu busy accum 28994.0 ms over 57280 cbs
ds4: gpu busy accum 29018.1 ms over 57344 cbs
ds4: gpu busy accum 29041.0 ms over 57408 cbs
ds4: gpu busy accum 29065.3 ms over 57472 cbs
ds4: gpu busy accum 29089.3 ms over 57536 cbs
ds4: gpu busy accum 29112.7 ms over 57600 cbs
ds4: gpu busy accum 29135.4 ms over 57664 cbs
ds4: gpu busy accum 29159.1 ms over 57728 cbs
ds4: gpu busy accum 29182.6 ms over 57792 cbs
ds4: gpu busy accum 29205.1 ms over 57856 cbs
ds4: gpu busy accum 29229.2 ms over 57920 cbs
ds4: gpu busy accum 29251.2 ms over 57984 cbs
ds4: gpu busy accum 29274.4 ms over 58048 cbs
ds4: gpu busy accum 29298.2 ms over 58112 cbs
ds4: gpu busy accum 29321.0 ms over 58176 cbs
ds4: gpu busy accum 29344.2 ms over 58240 cbs
ds4: gpu busy accum 29366.3 ms over 58304 cbs
ds4: gpu busy accum 29390.0 ms over 58368 cbs
ds4: gpu busy accum 29413.4 ms over 58432 cbs
ds4: gpu busy accum 29438.2 ms over 58496 cbs
ds4: gpu busy accum 29460.5 ms over 58560 cbs
ds4: gpu busy accum 29483.9 ms over 58624 cbs
ds4: gpu busy accum 29507.4 ms over 58688 cbs
ds4: gpu busy accum 29530.4 ms over 58752 cbs
ds4: gpu busy accum 29553.5 ms over 58816 cbs
ds4: gpu busy accum 29576.5 ms over 58880 cbs
ds4: gpu busy accum 29599.9 ms over 58944 cbs
ds4: gpu busy accum 29623.4 ms over 59008 cbs
ds4: gpu busy accum 29646.2 ms over 59072 cbs
ds4: gpu busy accum 29668.8 ms over 59136 cbs
ds4: gpu busy accum 29692.2 ms over 59200 cbs
ds4: gpu busy accum 29715.6 ms over 59264 cbs
ds4: gpu busy accum 29738.6 ms over 59328 cbs
ds4: gpu busy accum 29762.1 ms over 59392 cbs
ds4: gpu busy accum 29784.5 ms over 59456 cbs
ds4: gpu busy accum 29808.3 ms over 59520 cbs
ds4: gpu busy accum 29832.0 ms over 59584 cbs
ds4: gpu busy accum 29855.2 ms over 59648 cbs
ds4: gpu busy accum 29878.6 ms over 59712 cbs
ds4: gpu busy accum 29902.4 ms over 59776 cbs
ds4: gpu busy accum 29926.5 ms over 59840 cbs
ds4: gpu busy accum 29949.9 ms over 59904 cbs
ds4: gpu busy accum 29974.3 ms over 59968 cbs
ds4: gpu busy accum 29996.5 ms over 60032 cbs
ds4: gpu busy accum 30020.2 ms over 60096 cbs
ds4: gpu busy accum 30043.9 ms over 60160 cbs
ds4: gpu busy accum 30066.9 ms over 60224 cbs
ds4: gpu busy accum 30089.7 ms over 60288 cbs
ds4: gpu busy accum 30114.0 ms over 60352 cbs
ds4: gpu busy accum 30137.5 ms over 60416 cbs
ds4: gpu busy accum 30160.1 ms over 60480 cbs
ds4: gpu busy accum 30183.5 ms over 60544 cbs
ds4: gpu busy accum 30205.5 ms over 60608 cbs
ds4: gpu busy accum 30228.6 ms over 60672 cbs
ds4: gpu busy accum 30251.9 ms over 60736 cbs
ds4: gpu busy accum 30274.5 ms over 60800 cbs
ds4: gpu busy accum 30298.2 ms over 60864 cbs
ds4: gpu busy accum 30320.2 ms over 60928 cbs
ds4: gpu busy accum 30343.4 ms over 60992 cbs
ds4: gpu busy accum 30366.5 ms over 61056 cbs
ds4: gpu busy accum 30390.3 ms over 61120 cbs
ds4: gpu busy accum 30412.6 ms over 61184 cbs
ds4: gpu busy accum 30435.8 ms over 61248 cbs
ds4: gpu busy accum 30459.5 ms over 61312 cbs
ds4: gpu busy accum 30482.8 ms over 61376 cbs
ds4: gpu busy accum 30505.9 ms over 61440 cbs
ds4: gpu busy accum 30529.0 ms over 61504 cbs
ds4: gpu busy accum 30552.1 ms over 61568 cbs
ds4: gpu busy accum 30575.4 ms over 61632 cbs
ds4: gpu busy accum 30597.9 ms over 61696 cbs
ds4: gpu busy accum 30620.1 ms over 61760 cbs
ds4: gpu busy accum 30643.3 ms over 61824 cbs
ds4: gpu busy accum 30666.3 ms over 61888 cbs
ds4: gpu busy accum 30689.0 ms over 61952 cbs
ds4: gpu busy accum 30712.3 ms over 62016 cbs
ds4: gpu busy accum 30734.4 ms over 62080 cbs
ds4: gpu busy accum 30757.6 ms over 62144 cbs
ds4: gpu busy accum 30780.7 ms over 62208 cbs
ds4: gpu busy accum 30803.3 ms over 62272 cbs
ds4: gpu busy accum 30825.5 ms over 62336 cbs
ds4: gpu busy accum 30848.7 ms over 62400 cbs
ds4: gpu busy accum 30872.5 ms over 62464 cbs
ds4: gpu busy accum 30895.1 ms over 62528 cbs
ds4: gpu busy accum 30918.5 ms over 62592 cbs
ds4: gpu busy accum 30940.4 ms over 62656 cbs
ds4: gpu busy accum 30963.6 ms over 62720 cbs
ds4: gpu busy accum 30986.6 ms over 62784 cbs
ds4: gpu busy accum 31009.5 ms over 62848 cbs
ds4: gpu busy accum 31032.5 ms over 62912 cbs
ds4: gpu busy accum 31056.4 ms over 62976 cbs
ds4: gpu busy accum 31079.7 ms over 63040 cbs
ds4: gpu busy accum 31102.1 ms over 63104 cbs
ds4: gpu busy accum 31125.6 ms over 63168 cbs
ds4: gpu busy accum 31147.6 ms over 63232 cbs
ds4: gpu busy accum 31170.8 ms over 63296 cbs
ds4: gpu busy accum 31194.0 ms over 63360 cbs
ds4: gpu busy accum 31216.8 ms over 63424 cbs
ds4: gpu busy accum 31240.1 ms over 63488 cbs
ds4: gpu busy accum 31262.3 ms over 63552 cbs
ds4: gpu busy accum 31285.4 ms over 63616 cbs
ds4: gpu busy accum 31307.9 ms over 63680 cbs
ds4: gpu busy accum 31331.4 ms over 63744 cbs
ds4: gpu busy accum 31353.6 ms over 63808 cbs
ds4: gpu busy accum 31376.9 ms over 63872 cbs
ds4: gpu busy accum 31401.0 ms over 63936 cbs
ds4: gpu busy accum 31424.1 ms over 64000 cbs
ds4: gpu busy accum 31447.4 ms over 64064 cbs
ds4: gpu busy accum 31469.9 ms over 64128 cbs
ds4: gpu busy accum 31493.0 ms over 64192 cbs
ds4: gpu busy accum 31516.2 ms over 64256 cbs
ds4: gpu busy accum 31538.8 ms over 64320 cbs
ds4: gpu busy accum 31561.0 ms over 64384 cbs
ds4: gpu busy accum 31584.2 ms over 64448 cbs
ds4: gpu busy accum 31607.8 ms over 64512 cbs
ds4: gpu busy accum 31630.5 ms over 64576 cbs
ds4: gpu busy accum 31653.8 ms over 64640 cbs
ds4: gpu busy accum 31676.4 ms over 64704 cbs
ds4: gpu busy accum 31699.6 ms over 64768 cbs
ds4: gpu busy accum 31722.9 ms over 64832 cbs
ds4: gpu busy accum 31745.4 ms over 64896 cbs
ds4: gpu busy accum 31767.6 ms over 64960 cbs
ds4: gpu busy accum 31790.8 ms over 65024 cbs
ds4: gpu busy accum 31813.9 ms over 65088 cbs
ds4: gpu busy accum 31836.5 ms over 65152 cbs
ds4: gpu busy accum 31860.0 ms over 65216 cbs
ds4: gpu busy accum 31881.9 ms over 65280 cbs
ds4: gpu busy accum 31905.1 ms over 65344 cbs
ds4: gpu busy accum 31928.5 ms over 65408 cbs
ds4: gpu busy accum 31951.1 ms over 65472 cbs
ds4: gpu busy accum 31973.3 ms over 65536 cbs
ds4: gpu busy accum 31996.8 ms over 65600 cbs
ds4: gpu busy accum 32020.0 ms over 65664 cbs
ds4: gpu busy accum 32042.5 ms over 65728 cbs
ds4: gpu busy accum 32065.9 ms over 65792 cbs
ds4: gpu busy accum 32087.8 ms over 65856 cbs
ds4: gpu busy accum 32111.0 ms over 65920 cbs
ds4: gpu busy accum 32134.7 ms over 65984 cbs
ds4: gpu busy accum 32157.3 ms over 66048 cbs
ds4: gpu busy accum 32180.5 ms over 66112 cbs
ds4: gpu busy accum 32203.1 ms over 66176 cbs
ds4: gpu busy accum 32226.2 ms over 66240 cbs
ds4: gpu busy accum 32248.8 ms over 66304 cbs
ds4: gpu busy accum 32272.3 ms over 66368 cbs
ds4: gpu busy accum 32294.3 ms over 66432 cbs
ds4: gpu busy accum 32317.5 ms over 66496 cbs
ds4: gpu busy accum 32340.7 ms over 66560 cbs
ds4: gpu busy accum 32363.3 ms over 66624 cbs
ds4: gpu busy accum 32386.1 ms over 66688 cbs
ds4: gpu busy accum 32408.6 ms over 66752 cbs
ds4: gpu busy accum 32431.7 ms over 66816 cbs
ds4: gpu busy accum 32456.5 ms over 66880 cbs
ds4: gpu busy accum 32480.7 ms over 66944 cbs
ds4: gpu busy accum 32503.1 ms over 67008 cbs
ds4: gpu busy accum 32526.3 ms over 67072 cbs
ds4: gpu busy accum 32550.6 ms over 67136 cbs
ds4: gpu busy accum 32573.5 ms over 67200 cbs
ds4: gpu busy accum 32597.4 ms over 67264 cbs
ds4: gpu busy accum 32620.0 ms over 67328 cbs
ds4: gpu busy accum 32643.5 ms over 67392 cbs
ds4: gpu busy accum 32667.5 ms over 67456 cbs
ds4: gpu busy accum 32691.6 ms over 67520 cbs
ds4: gpu busy accum 32714.7 ms over 67584 cbs
ds4: gpu busy accum 32739.9 ms over 67648 cbs
ds4: gpu busy accum 32763.9 ms over 67712 cbs
ds4: gpu busy accum 32787.3 ms over 67776 cbs
ds4: gpu busy accum 32812.9 ms over 67840 cbs
ds4: gpu busy accum 32835.3 ms over 67904 cbs
ds4: gpu busy accum 32860.1 ms over 67968 cbs
ds4: gpu busy accum 32883.7 ms over 68032 cbs
ds4: gpu busy accum 32906.3 ms over 68096 cbs
ds4: gpu busy accum 32929.6 ms over 68160 cbs
ds4: gpu busy accum 32955.2 ms over 68224 cbs
ds4: gpu busy accum 32979.0 ms over 68288 cbs
ds4: gpu busy accum 33001.7 ms over 68352 cbs
ds4: gpu busy accum 33025.6 ms over 68416 cbs
ds4: gpu busy accum 33047.6 ms over 68480 cbs
ds4: gpu busy accum 33071.3 ms over 68544 cbs
ds4: gpu busy accum 33094.5 ms over 68608 cbs
ds4: gpu busy accum 33117.4 ms over 68672 cbs
ds4: gpu busy accum 33140.9 ms over 68736 cbs
ds4: gpu busy accum 33164.0 ms over 68800 cbs
ds4: gpu busy accum 33187.8 ms over 68864 cbs
ds4: gpu busy accum 33211.3 ms over 68928 cbs
ds4: gpu busy accum 33235.2 ms over 68992 cbs
ds4: gpu busy accum 33257.5 ms over 69056 cbs
ds4: gpu busy accum 33281.3 ms over 69120 cbs
ds4: gpu busy accum 33305.1 ms over 69184 cbs
ds4: gpu busy accum 33329.4 ms over 69248 cbs
ds4: gpu busy accum 33352.7 ms over 69312 cbs
ds4: gpu busy accum 33375.3 ms over 69376 cbs
ds4: gpu busy accum 33399.3 ms over 69440 cbs
ds4: gpu busy accum 33423.0 ms over 69504 cbs
ds4: gpu busy accum 33446.4 ms over 69568 cbs
ds4: gpu busy accum 33469.1 ms over 69632 cbs
ds4: gpu busy accum 33492.7 ms over 69696 cbs
ds4: gpu busy accum 33516.2 ms over 69760 cbs
ds4: gpu busy accum 33539.3 ms over 69824 cbs
ds4: gpu busy accum 33563.2 ms over 69888 cbs
ds4: gpu busy accum 33585.8 ms over 69952 cbs
ds4: gpu busy accum 33609.6 ms over 70016 cbs
ds4: gpu busy accum 33633.8 ms over 70080 cbs
ds4: gpu busy accum 33657.1 ms over 70144 cbs
ds4: gpu busy accum 33679.7 ms over 70208 cbs
ds4: gpu busy accum 33703.2 ms over 70272 cbs
ds4: gpu busy accum 33726.5 ms over 70336 cbs
ds4: gpu busy accum 33749.2 ms over 70400 cbs
ds4: gpu busy accum 33772.8 ms over 70464 cbs
ds4: gpu busy accum 33794.9 ms over 70528 cbs
ds4: gpu busy accum 33818.3 ms over 70592 cbs
ds4: gpu busy accum 33841.5 ms over 70656 cbs
ds4: gpu busy accum 33864.3 ms over 70720 cbs
ds4: gpu busy accum 33886.8 ms over 70784 cbs
ds4: gpu busy accum 33910.1 ms over 70848 cbs
ds4: gpu busy accum 33933.2 ms over 70912 cbs
ds4: gpu busy accum 33956.5 ms over 70976 cbs
ds4: gpu busy accum 33980.5 ms over 71040 cbs
ds4: gpu busy accum 34002.3 ms over 71104 cbs
ds4: gpu busy accum 34025.5 ms over 71168 cbs
ds4: gpu busy accum 34048.7 ms over 71232 cbs
ds4: gpu busy accum 34071.3 ms over 71296 cbs
ds4: gpu busy accum 34094.7 ms over 71360 cbs
ds4: gpu busy accum 34116.8 ms over 71424 cbs
ds4: gpu busy accum 34140.0 ms over 71488 cbs
ds4: gpu busy accum 34162.6 ms over 71552 cbs
ds4: gpu busy accum 34186.4 ms over 71616 cbs
ds4: gpu busy accum 34208.0 ms over 71680 cbs
ds4: gpu busy accum 34231.2 ms over 71744 cbs
ds4: gpu busy accum 34254.3 ms over 71808 cbs
ds4: gpu busy accum 34277.0 ms over 71872 cbs
ds4: gpu busy accum 34300.3 ms over 71936 cbs
ds4: gpu busy accum 34322.4 ms over 72000 cbs
ds4: gpu busy accum 34345.7 ms over 72064 cbs
ds4: gpu busy accum 34368.2 ms over 72128 cbs
ds4: gpu busy accum 34391.4 ms over 72192 cbs
ds4: gpu busy accum 34413.6 ms over 72256 cbs
ds4: gpu busy accum 34436.8 ms over 72320 cbs
ds4: gpu busy accum 34459.9 ms over 72384 cbs
ds4: gpu busy accum 34482.6 ms over 72448 cbs
ds4: gpu busy accum 34506.2 ms over 72512 cbs
ds4: gpu busy accum 34528.0 ms over 72576 cbs
ds4: gpu busy accum 34551.1 ms over 72640 cbs
ds4: gpu busy accum 34574.5 ms over 72704 cbs
ds4: gpu busy accum 34597.0 ms over 72768 cbs
ds4: gpu busy accum 34619.3 ms over 72832 cbs
ds4: gpu busy accum 34643.0 ms over 72896 cbs
ds4: gpu busy accum 34666.0 ms over 72960 cbs
ds4: gpu busy accum 34688.7 ms over 73024 cbs
ds4: gpu busy accum 34712.4 ms over 73088 cbs
ds4: gpu busy accum 34734.3 ms over 73152 cbs
ds4: gpu busy accum 34757.6 ms over 73216 cbs
ds4: gpu busy accum 34780.8 ms over 73280 cbs
ds4: gpu busy accum 34803.4 ms over 73344 cbs
ds4: gpu busy accum 34825.6 ms over 73408 cbs
ds4: gpu busy accum 34848.7 ms over 73472 cbs
ds4: gpu busy accum 34872.0 ms over 73536 cbs
ds4: gpu busy accum 34894.5 ms over 73600 cbs
ds4: gpu busy accum 34918.2 ms over 73664 cbs
ds4: gpu busy accum 34939.9 ms over 73728 cbs
ds4: gpu busy accum 34963.1 ms over 73792 cbs
ds4: gpu busy accum 34986.3 ms over 73856 cbs
ds4: gpu busy accum 35008.8 ms over 73920 cbs
ds4: gpu busy accum 35032.1 ms over 73984 cbs
ds4: gpu busy accum 35054.2 ms over 74048 cbs
ds4: gpu busy accum 35077.4 ms over 74112 cbs
ds4: gpu busy accum 35100.4 ms over 74176 cbs
ds4: gpu busy accum 35124.1 ms over 74240 cbs
ds4: gpu busy accum 35145.7 ms over 74304 cbs
ds4: gpu busy accum 35169.6 ms over 74368 cbs
ds4: gpu busy accum 35192.7 ms over 74432 cbs
ds4: gpu busy accum 35215.4 ms over 74496 cbs
ds4: gpu busy accum 35238.7 ms over 74560 cbs
ds4: gpu busy accum 35260.8 ms over 74624 cbs
ds4: gpu busy accum 35284.1 ms over 74688 cbs
ds4: gpu busy accum 35306.6 ms over 74752 cbs
ds4: gpu busy accum 35329.9 ms over 74816 cbs
ds4: gpu busy accum 35352.2 ms over 74880 cbs
ds4: gpu busy accum 35375.3 ms over 74944 cbs
ds4: gpu busy accum 35398.5 ms over 75008 cbs
ds4: gpu busy accum 35421.2 ms over 75072 cbs
ds4: gpu busy accum 35444.8 ms over 75136 cbs
ds4: gpu busy accum 35466.7 ms over 75200 cbs
ds4: gpu busy accum 35489.9 ms over 75264 cbs
ds4: gpu busy accum 35513.2 ms over 75328 cbs
ds4: gpu busy accum 35535.7 ms over 75392 cbs
ds4: gpu busy accum 35557.9 ms over 75456 cbs
ds4: gpu busy accum 35581.2 ms over 75520 cbs
ds4: gpu busy accum 35604.2 ms over 75584 cbs
ds4: gpu busy accum 35626.9 ms over 75648 cbs
ds4: gpu busy accum 35650.7 ms over 75712 cbs
ds4: gpu busy accum 35672.3 ms over 75776 cbs
ds4: gpu busy accum 35695.6 ms over 75840 cbs
ds4: gpu busy accum 35718.7 ms over 75904 cbs
ds4: gpu busy accum 35741.2 ms over 75968 cbs
ds4: gpu busy accum 35763.4 ms over 76032 cbs
ds4: gpu busy accum 35786.6 ms over 76096 cbs
ds4: gpu busy accum 35809.9 ms over 76160 cbs
ds4: gpu busy accum 35832.4 ms over 76224 cbs
ds4: gpu busy accum 35856.1 ms over 76288 cbs
ds4: gpu busy accum 35877.8 ms over 76352 cbs
ds4: gpu busy accum 35901.0 ms over 76416 cbs
ds4: gpu busy accum 35924.2 ms over 76480 cbs
ds4: gpu busy accum 35946.9 ms over 76544 cbs
ds4: gpu busy accum 35970.3 ms over 76608 cbs
ds4: gpu busy accum 35992.4 ms over 76672 cbs
ds4: gpu busy accum 36016.5 ms over 76736 cbs
ds4: gpu busy accum 36039.1 ms over 76800 cbs
ds4: gpu busy accum 36062.8 ms over 76864 cbs
ds4: gpu busy accum 36084.5 ms over 76928 cbs
ds4: gpu busy accum 36107.8 ms over 76992 cbs
ds4: gpu busy accum 36130.9 ms over 77056 cbs
ds4: gpu busy accum 36153.6 ms over 77120 cbs
ds4: gpu busy accum 36177.0 ms over 77184 cbs
ds4: gpu busy accum 36199.3 ms over 77248 cbs
ds4: gpu busy accum 36222.6 ms over 77312 cbs
ds4: gpu busy accum 36245.1 ms over 77376 cbs
ds4: gpu busy accum 36268.4 ms over 77440 cbs
ds4: gpu busy accum 36290.6 ms over 77504 cbs
ds4: gpu busy accum 36313.7 ms over 77568 cbs
ds4: gpu busy accum 36337.0 ms over 77632 cbs
ds4: gpu busy accum 36359.7 ms over 77696 cbs
ds4: gpu busy accum 36383.4 ms over 77760 cbs
ds4: gpu busy accum 36405.3 ms over 77824 cbs
ds4: gpu busy accum 36428.5 ms over 77888 cbs
ds4: gpu busy accum 36451.8 ms over 77952 cbs
ds4: gpu busy accum 36474.4 ms over 78016 cbs
ds4: gpu busy accum 36496.6 ms over 78080 cbs
ds4: gpu busy accum 36519.9 ms over 78144 cbs
ds4: gpu busy accum 36543.0 ms over 78208 cbs
ds4: gpu busy accum 36566.3 ms over 78272 cbs
ds4: gpu busy accum 36590.1 ms over 78336 cbs
ds4: gpu busy accum 36611.8 ms over 78400 cbs
ds4: gpu busy accum 36635.1 ms over 78464 cbs
ds4: gpu busy accum 36658.2 ms over 78528 cbs
ds4: gpu busy accum 36680.9 ms over 78592 cbs
ds4: gpu busy accum 36703.2 ms over 78656 cbs
ds4: gpu busy accum 36726.4 ms over 78720 cbs
ds4: gpu busy accum 36749.7 ms over 78784 cbs
ds4: gpu busy accum 36772.2 ms over 78848 cbs
ds4: gpu busy accum 36796.0 ms over 78912 cbs
ds4: gpu busy accum 36817.7 ms over 78976 cbs
ds4: gpu busy accum 36841.1 ms over 79040 cbs
ds4: gpu busy accum 36864.6 ms over 79104 cbs
ds4: gpu busy accum 36887.3 ms over 79168 cbs
ds4: gpu busy accum 36910.8 ms over 79232 cbs
ds4: gpu busy accum 36933.5 ms over 79296 cbs
ds4: gpu busy accum 36956.8 ms over 79360 cbs
ds4: gpu busy accum 36979.6 ms over 79424 cbs
ds4: gpu busy accum 37003.4 ms over 79488 cbs
ds4: gpu busy accum 37025.2 ms over 79552 cbs
ds4: gpu busy accum 37048.6 ms over 79616 cbs
ds4: gpu busy accum 37072.0 ms over 79680 cbs
ds4: gpu busy accum 37096.1 ms over 79744 cbs
ds4: gpu busy accum 37120.1 ms over 79808 cbs
ds4: gpu busy accum 37142.9 ms over 79872 cbs
ds4: gpu busy accum 37166.9 ms over 79936 cbs
ds4: gpu busy accum 37190.3 ms over 80000 cbs
ds4: gpu busy accum 37215.1 ms over 80064 cbs
ds4: gpu busy accum 37237.9 ms over 80128 cbs
ds4: gpu busy accum 37261.2 ms over 80192 cbs
ds4: gpu busy accum 37284.5 ms over 80256 cbs
ds4: gpu busy accum 37307.3 ms over 80320 cbs
ds4: gpu busy accum 37331.0 ms over 80384 cbs
ds4: gpu busy accum 37352.8 ms over 80448 cbs
ds4: gpu busy accum 37376.2 ms over 80512 cbs
ds4: gpu busy accum 37399.7 ms over 80576 cbs
ds4: gpu busy accum 37422.6 ms over 80640 cbs
ds4: gpu busy accum 37444.9 ms over 80704 cbs
ds4: gpu busy accum 37468.4 ms over 80768 cbs
ds4: gpu busy accum 37491.5 ms over 80832 cbs
ds4: gpu busy accum 37514.2 ms over 80896 cbs
ds4: gpu busy accum 37538.0 ms over 80960 cbs
ds4: gpu busy accum 37559.7 ms over 81024 cbs
ds4: gpu busy accum 37583.0 ms over 81088 cbs
ds4: gpu busy accum 37606.1 ms over 81152 cbs
ds4: gpu busy accum 37628.7 ms over 81216 cbs
ds4: gpu busy accum 37651.0 ms over 81280 cbs
ds4: gpu busy accum 37674.3 ms over 81344 cbs
ds4: gpu busy accum 37697.6 ms over 81408 cbs
ds4: gpu busy accum 37720.2 ms over 81472 cbs
ds4: gpu busy accum 37744.0 ms over 81536 cbs
ds4: gpu busy accum 37765.8 ms over 81600 cbs
ds4: gpu busy accum 37788.9 ms over 81664 cbs
ds4: gpu busy accum 37812.3 ms over 81728 cbs
ds4: gpu busy accum 37834.9 ms over 81792 cbs
ds4: gpu busy accum 37858.3 ms over 81856 cbs
ds4: gpu busy accum 37880.5 ms over 81920 cbs
ds4: gpu busy accum 37903.6 ms over 81984 cbs
ds4: gpu busy accum 37926.2 ms over 82048 cbs
ds4: gpu busy accum 37950.0 ms over 82112 cbs
ds4: gpu busy accum 37971.7 ms over 82176 cbs
ds4: gpu busy accum 37995.0 ms over 82240 cbs
ds4: gpu busy accum 38018.1 ms over 82304 cbs
ds4: gpu busy accum 38040.9 ms over 82368 cbs
ds4: gpu busy accum 38064.2 ms over 82432 cbs
ds4: gpu busy accum 38086.3 ms over 82496 cbs
ds4: gpu busy accum 38109.5 ms over 82560 cbs
ds4: gpu busy accum 38132.0 ms over 82624 cbs
ds4: gpu busy accum 38155.4 ms over 82688 cbs
ds4: gpu busy accum 38177.7 ms over 82752 cbs
ds4: gpu busy accum 38201.0 ms over 82816 cbs
ds4: gpu busy accum 38225.0 ms over 82880 cbs
ds4: gpu busy accum 38248.0 ms over 82944 cbs
ds4: gpu busy accum 38271.7 ms over 83008 cbs
ds4: gpu busy accum 38294.0 ms over 83072 cbs
ds4: gpu busy accum 38317.2 ms over 83136 cbs
ds4: gpu busy accum 38340.6 ms over 83200 cbs
ds4: gpu busy accum 38363.2 ms over 83264 cbs
ds4: gpu busy accum 38385.7 ms over 83328 cbs
ds4: gpu busy accum 38409.3 ms over 83392 cbs
ds4: gpu busy accum 38432.3 ms over 83456 cbs
ds4: gpu busy accum 38455.1 ms over 83520 cbs
ds4: gpu busy accum 38478.9 ms over 83584 cbs
ds4: gpu busy accum 38500.6 ms over 83648 cbs
ds4: gpu busy accum 38523.9 ms over 83712 cbs
ds4: gpu busy accum 38547.1 ms over 83776 cbs
ds4: gpu busy accum 38569.7 ms over 83840 cbs
ds4: gpu busy accum 38592.1 ms over 83904 cbs
ds4: gpu busy accum 38615.4 ms over 83968 cbs
ds4: gpu busy accum 38638.6 ms over 84032 cbs
ds4: gpu busy accum 38661.2 ms over 84096 cbs
ds4: gpu busy accum 38685.0 ms over 84160 cbs
ds4: gpu busy accum 38706.7 ms over 84224 cbs
ds4: gpu busy accum 38729.9 ms over 84288 cbs
ds4: gpu busy accum 38753.1 ms over 84352 cbs
ds4: gpu busy accum 40057.7 ms over 84416 cbs
ds4: gpu busy accum 44944.6 ms over 84480 cbs
ds4: gpu busy accum 48360.5 ms over 84544 cbs
ds4: gpu busy accum 50597.4 ms over 84608 cbs
ds4: gpu busy accum 50793.1 ms over 84672 cbs
ds4: gpu busy accum 50831.9 ms over 84736 cbs
ds4: gpu busy accum 50856.1 ms over 84800 cbs
ds4: gpu busy accum 50879.5 ms over 84864 cbs
ds4: gpu busy accum 50904.0 ms over 84928 cbs
ds4: gpu busy accum 50926.7 ms over 84992 cbs
ds4: gpu busy accum 50950.9 ms over 85056 cbs
ds4: gpu busy accum 50974.6 ms over 85120 cbs
ds4: gpu busy accum 50998.0 ms over 85184 cbs
ds4: gpu busy accum 51020.9 ms over 85248 cbs
ds4: gpu busy accum 51044.8 ms over 85312 cbs
ds4: gpu busy accum 51068.8 ms over 85376 cbs
ds4: gpu busy accum 51091.9 ms over 85440 cbs
ds4: gpu busy accum 51116.2 ms over 85504 cbs
ds4: gpu busy accum 51138.7 ms over 85568 cbs
ds4: gpu busy accum 51162.9 ms over 85632 cbs
ds4: gpu busy accum 51187.0 ms over 85696 cbs
ds4: gpu busy accum 51210.8 ms over 85760 cbs
ds4: gpu busy accum 51234.8 ms over 85824 cbs
ds4: gpu busy accum 51257.6 ms over 85888 cbs
ds4: gpu busy accum 51281.2 ms over 85952 cbs
ds4: gpu busy accum 51304.2 ms over 86016 cbs
ds4: gpu busy accum 51328.8 ms over 86080 cbs
ds4: gpu busy accum 51351.2 ms over 86144 cbs
ds4: gpu busy accum 51375.2 ms over 86208 cbs
ds4: gpu busy accum 51399.1 ms over 86272 cbs
ds4: gpu busy accum 51423.1 ms over 86336 cbs
ds4: gpu busy accum 51447.1 ms over 86400 cbs
ds4: gpu busy accum 51469.6 ms over 86464 cbs
ds4: gpu busy accum 51493.8 ms over 86528 cbs
ds4: gpu busy accum 51516.8 ms over 86592 cbs
ds4: gpu busy accum 51540.8 ms over 86656 cbs
ds4: gpu busy accum 51563.0 ms over 86720 cbs
ds4: gpu busy accum 51587.0 ms over 86784 cbs
ds4: gpu busy accum 51610.9 ms over 86848 cbs
ds4: gpu busy accum 51634.2 ms over 86912 cbs
ds4: gpu busy accum 51658.0 ms over 86976 cbs
ds4: gpu busy accum 51680.7 ms over 87040 cbs
ds4: gpu busy accum 51704.6 ms over 87104 cbs
ds4: gpu busy accum 51727.9 ms over 87168 cbs
ds4: gpu busy accum 51752.0 ms over 87232 cbs
ds4: gpu busy accum 51774.4 ms over 87296 cbs
ds4: gpu busy accum 51798.5 ms over 87360 cbs
ds4: gpu busy accum 51822.1 ms over 87424 cbs
ds4: gpu busy accum 51845.4 ms over 87488 cbs
ds4: gpu busy accum 51868.9 ms over 87552 cbs
ds4: gpu busy accum 51892.5 ms over 87616 cbs
ds4: gpu busy accum 51916.3 ms over 87680 cbs
ds4: gpu busy accum 51940.1 ms over 87744 cbs
ds4: gpu busy accum 51963.5 ms over 87808 cbs
ds4: gpu busy accum 51986.1 ms over 87872 cbs
ds4: gpu busy accum 52010.1 ms over 87936 cbs
ds4: gpu busy accum 52033.8 ms over 88000 cbs
ds4: gpu busy accum 52057.4 ms over 88064 cbs
ds4: gpu busy accum 52081.4 ms over 88128 cbs
ds4: gpu busy accum 52103.9 ms over 88192 cbs
ds4: gpu busy accum 52127.6 ms over 88256 cbs
ds4: gpu busy accum 52151.4 ms over 88320 cbs
ds4: gpu busy accum 52174.4 ms over 88384 cbs
ds4: gpu busy accum 52197.1 ms over 88448 cbs
ds4: gpu busy accum 52221.1 ms over 88512 cbs
ds4: gpu busy accum 52245.2 ms over 88576 cbs
ds4: gpu busy accum 52268.3 ms over 88640 cbs
ds4: gpu busy accum 52292.7 ms over 88704 cbs
ds4: gpu busy accum 52315.3 ms over 88768 cbs
ds4: gpu busy accum 52339.1 ms over 88832 cbs
ds4: gpu busy accum 52362.8 ms over 88896 cbs
ds4: gpu busy accum 52385.8 ms over 88960 cbs
ds4: gpu busy accum 52408.6 ms over 89024 cbs
ds4: gpu busy accum 52432.3 ms over 89088 cbs
ds4: gpu busy accum 52456.0 ms over 89152 cbs
ds4: gpu busy accum 52479.0 ms over 89216 cbs
ds4: gpu busy accum 52503.3 ms over 89280 cbs
ds4: gpu busy accum 52525.7 ms over 89344 cbs
ds4: gpu busy accum 52549.7 ms over 89408 cbs
ds4: gpu busy accum 52573.3 ms over 89472 cbs
ds4: gpu busy accum 52596.7 ms over 89536 cbs
ds4: gpu busy accum 52620.5 ms over 89600 cbs
ds4: gpu busy accum 52643.2 ms over 89664 cbs
ds4: gpu busy accum 52667.1 ms over 89728 cbs
ds4: gpu busy accum 52689.7 ms over 89792 cbs
ds4: gpu busy accum 52713.6 ms over 89856 cbs
ds4: gpu busy accum 52736.2 ms over 89920 cbs
ds4: gpu busy accum 52760.1 ms over 89984 cbs
ds4: gpu busy accum 52784.0 ms over 90048 cbs
ds4: gpu busy accum 52807.7 ms over 90112 cbs
ds4: gpu busy accum 52831.6 ms over 90176 cbs
ds4: gpu busy accum 52853.6 ms over 90240 cbs
ds4: gpu busy accum 52877.3 ms over 90304 cbs
ds4: gpu busy accum 52900.4 ms over 90368 cbs
ds4: gpu busy accum 52924.4 ms over 90432 cbs
ds4: gpu busy accum 52946.9 ms over 90496 cbs
ds4: gpu busy accum 52971.0 ms over 90560 cbs
ds4: gpu busy accum 52994.8 ms over 90624 cbs
ds4: gpu busy accum 53018.5 ms over 90688 cbs
ds4: gpu busy accum 53042.7 ms over 90752 cbs
ds4: gpu busy accum 53065.6 ms over 90816 cbs
ds4: gpu busy accum 53089.9 ms over 90880 cbs
ds4: gpu busy accum 53113.0 ms over 90944 cbs
ds4: gpu busy accum 53137.4 ms over 91008 cbs
ds4: gpu busy accum 53160.0 ms over 91072 cbs
ds4: gpu busy accum 53184.1 ms over 91136 cbs
ds4: gpu busy accum 53208.1 ms over 91200 cbs
ds4: gpu busy accum 53231.4 ms over 91264 cbs
ds4: gpu busy accum 53254.6 ms over 91328 cbs
ds4: gpu busy accum 53277.8 ms over 91392 cbs
ds4: gpu busy accum 53301.1 ms over 91456 cbs
ds4: gpu busy accum 53324.1 ms over 91520 cbs
ds4: gpu busy accum 53348.2 ms over 91584 cbs
ds4: gpu busy accum 53370.5 ms over 91648 cbs
ds4: gpu busy accum 53394.1 ms over 91712 cbs
ds4: gpu busy accum 53418.2 ms over 91776 cbs
ds4: gpu busy accum 53441.5 ms over 91840 cbs
ds4: gpu busy accum 53465.3 ms over 91904 cbs
ds4: gpu busy accum 53488.2 ms over 91968 cbs
ds4: gpu busy accum 53511.9 ms over 92032 cbs
ds4: gpu busy accum 53534.9 ms over 92096 cbs
ds4: gpu busy accum 53559.2 ms over 92160 cbs
ds4: gpu busy accum 53581.7 ms over 92224 cbs
ds4: gpu busy accum 53605.4 ms over 92288 cbs
ds4: gpu busy accum 53629.0 ms over 92352 cbs
ds4: gpu busy accum 53652.3 ms over 92416 cbs
ds4: gpu busy accum 53675.9 ms over 92480 cbs
ds4: gpu busy accum 53699.5 ms over 92544 cbs
ds4: gpu busy accum 53723.2 ms over 92608 cbs
ds4: gpu busy accum 53747.1 ms over 92672 cbs
ds4: gpu busy accum 53770.5 ms over 92736 cbs
ds4: gpu busy accum 53793.6 ms over 92800 cbs
ds4: gpu busy accum 53817.6 ms over 92864 cbs
ds4: gpu busy accum 53841.7 ms over 92928 cbs
ds4: gpu busy accum 53864.9 ms over 92992 cbs
ds4: gpu busy accum 53888.9 ms over 93056 cbs
ds4: gpu busy accum 53911.5 ms over 93120 cbs
ds4: gpu busy accum 53935.3 ms over 93184 cbs
ds4: gpu busy accum 53959.0 ms over 93248 cbs
ds4: gpu busy accum 53982.0 ms over 93312 cbs
ds4: gpu busy accum 54004.8 ms over 93376 cbs
ds4: gpu busy accum 54028.9 ms over 93440 cbs
ds4: gpu busy accum 54052.6 ms over 93504 cbs
ds4: gpu busy accum 54075.8 ms over 93568 cbs
ds4: gpu busy accum 54099.8 ms over 93632 cbs
ds4: gpu busy accum 54122.3 ms over 93696 cbs
ds4: gpu busy accum 54146.2 ms over 93760 cbs
ds4: gpu busy accum 54170.1 ms over 93824 cbs
ds4: gpu busy accum 54193.5 ms over 93888 cbs
ds4: gpu busy accum 54216.6 ms over 93952 cbs
ds4: gpu busy accum 54240.6 ms over 94016 cbs
ds4: gpu busy accum 54264.4 ms over 94080 cbs
ds4: gpu busy accum 54287.8 ms over 94144 cbs
ds4: gpu busy accum 54312.0 ms over 94208 cbs
ds4: gpu busy accum 54334.6 ms over 94272 cbs
ds4: gpu busy accum 54358.2 ms over 94336 cbs
ds4: gpu busy accum 54382.1 ms over 94400 cbs
ds4: gpu busy accum 54405.4 ms over 94464 cbs
ds4: gpu busy accum 54429.2 ms over 94528 cbs
ds4: gpu busy accum 54451.9 ms over 94592 cbs
ds4: gpu busy accum 54475.8 ms over 94656 cbs
ds4: gpu busy accum 54499.0 ms over 94720 cbs
ds4: gpu busy accum 54523.4 ms over 94784 cbs
ds4: gpu busy accum 54545.6 ms over 94848 cbs
ds4: gpu busy accum 54569.5 ms over 94912 cbs
ds4: gpu busy accum 54593.3 ms over 94976 cbs
ds4: gpu busy accum 54616.5 ms over 95040 cbs
ds4: gpu busy accum 54640.3 ms over 95104 cbs
ds4: gpu busy accum 54662.7 ms over 95168 cbs
ds4: gpu busy accum 54686.6 ms over 95232 cbs
ds4: gpu busy accum 54709.6 ms over 95296 cbs
ds4: gpu busy accum 54733.4 ms over 95360 cbs
ds4: gpu busy accum 54756.3 ms over 95424 cbs
ds4: gpu busy accum 54779.9 ms over 95488 cbs
ds4: gpu busy accum 54803.6 ms over 95552 cbs
ds4: gpu busy accum 54827.1 ms over 95616 cbs
ds4: gpu busy accum 54850.3 ms over 95680 cbs
ds4: gpu busy accum 54873.3 ms over 95744 cbs
ds4: gpu busy accum 54897.0 ms over 95808 cbs
ds4: gpu busy accum 54920.8 ms over 95872 cbs
ds4: gpu busy accum 54944.0 ms over 95936 cbs
ds4: gpu busy accum 54967.0 ms over 96000 cbs
ds4: gpu busy accum 54990.9 ms over 96064 cbs
ds4: gpu busy accum 55014.7 ms over 96128 cbs
ds4: gpu busy accum 55038.3 ms over 96192 cbs
ds4: gpu busy accum 55062.2 ms over 96256 cbs
ds4: gpu busy accum 55084.7 ms over 96320 cbs
ds4: gpu busy accum 55108.5 ms over 96384 cbs
ds4: gpu busy accum 55132.0 ms over 96448 cbs
ds4: gpu busy accum 55155.3 ms over 96512 cbs
ds4: gpu busy accum 55177.9 ms over 96576 cbs
ds4: gpu busy accum 55201.5 ms over 96640 cbs
ds4: gpu busy accum 55226.3 ms over 96704 cbs
ds4: gpu busy accum 55250.1 ms over 96768 cbs
ds4: gpu busy accum 55274.7 ms over 96832 cbs
ds4: gpu busy accum 55297.2 ms over 96896 cbs
ds4: gpu busy accum 55321.1 ms over 96960 cbs
ds4: gpu busy accum 55345.0 ms over 97024 cbs
ds4: gpu busy accum 55368.8 ms over 97088 cbs
ds4: gpu busy accum 55391.6 ms over 97152 cbs
ds4: gpu busy accum 55415.4 ms over 97216 cbs
ds4: gpu busy accum 55439.4 ms over 97280 cbs
ds4: gpu busy accum 55462.7 ms over 97344 cbs
ds4: gpu busy accum 55486.9 ms over 97408 cbs
ds4: gpu busy accum 55509.8 ms over 97472 cbs
ds4: gpu busy accum 55534.0 ms over 97536 cbs
ds4: gpu busy accum 55557.7 ms over 97600 cbs
ds4: gpu busy accum 55581.1 ms over 97664 cbs
ds4: gpu busy accum 55604.9 ms over 97728 cbs
ds4: gpu busy accum 55627.7 ms over 97792 cbs
ds4: gpu busy accum 55651.6 ms over 97856 cbs
ds4: gpu busy accum 55674.8 ms over 97920 cbs
ds4: gpu busy accum 55698.9 ms over 97984 cbs
ds4: gpu busy accum 55721.8 ms over 98048 cbs
ds4: gpu busy accum 55745.5 ms over 98112 cbs
ds4: gpu busy accum 55769.2 ms over 98176 cbs
ds4: gpu busy accum 55792.4 ms over 98240 cbs
ds4: gpu busy accum 55815.7 ms over 98304 cbs
ds4: gpu busy accum 55838.8 ms over 98368 cbs
ds4: gpu busy accum 55862.9 ms over 98432 cbs
ds4: gpu busy accum 55887.0 ms over 98496 cbs
ds4: gpu busy accum 55910.0 ms over 98560 cbs
ds4: gpu busy accum 55932.8 ms over 98624 cbs
ds4: gpu busy accum 55957.1 ms over 98688 cbs
ds4: gpu busy accum 55981.2 ms over 98752 cbs
ds4: gpu busy accum 56004.7 ms over 98816 cbs
ds4: gpu busy accum 56028.8 ms over 98880 cbs
ds4: gpu busy accum 56051.5 ms over 98944 cbs
ds4: gpu busy accum 56075.3 ms over 99008 cbs
ds4: gpu busy accum 56099.1 ms over 99072 cbs
ds4: gpu busy accum 56122.3 ms over 99136 cbs
ds4: gpu busy accum 56145.0 ms over 99200 cbs
ds4: gpu busy accum 56168.9 ms over 99264 cbs
ds4: gpu busy accum 56192.9 ms over 99328 cbs
ds4: gpu busy accum 56216.1 ms over 99392 cbs
ds4: gpu busy accum 56240.8 ms over 99456 cbs
ds4: gpu busy accum 56262.8 ms over 99520 cbs
ds4: gpu busy accum 56286.5 ms over 99584 cbs
ds4: gpu busy accum 56310.5 ms over 99648 cbs
ds4: gpu busy accum 56333.7 ms over 99712 cbs
ds4: gpu busy accum 56356.4 ms over 99776 cbs
ds4: gpu busy accum 56380.4 ms over 99840 cbs
ds4: gpu busy accum 56404.3 ms over 99904 cbs
ds4: gpu busy accum 56427.6 ms over 99968 cbs
ds4: gpu busy accum 56451.9 ms over 100032 cbs
ds4: gpu busy accum 56474.5 ms over 100096 cbs
ds4: gpu busy accum 56498.3 ms over 100160 cbs
ds4: gpu busy accum 56521.9 ms over 100224 cbs
ds4: gpu busy accum 56545.1 ms over 100288 cbs
ds4: gpu busy accum 56568.1 ms over 100352 cbs
ds4: gpu busy accum 56592.3 ms over 100416 cbs
ds4: gpu busy accum 56616.5 ms over 100480 cbs
ds4: gpu busy accum 56639.6 ms over 100544 cbs
ds4: gpu busy accum 56663.9 ms over 100608 cbs
ds4: gpu busy accum 56686.5 ms over 100672 cbs
ds4: gpu busy accum 56710.6 ms over 100736 cbs
ds4: gpu busy accum 56734.5 ms over 100800 cbs
ds4: gpu busy accum 56757.8 ms over 100864 cbs
ds4: gpu busy accum 56781.7 ms over 100928 cbs
ds4: gpu busy accum 56804.5 ms over 100992 cbs
ds4: gpu busy accum 56828.6 ms over 101056 cbs
ds4: gpu busy accum 56852.0 ms over 101120 cbs
ds4: gpu busy accum 56876.2 ms over 101184 cbs
ds4: gpu busy accum 56898.8 ms over 101248 cbs
ds4: gpu busy accum 56922.5 ms over 101312 cbs
ds4: gpu busy accum 56946.8 ms over 101376 cbs
ds4: gpu busy accum 56970.4 ms over 101440 cbs
ds4: gpu busy accum 56993.7 ms over 101504 cbs
ds4: gpu busy accum 57016.9 ms over 101568 cbs
ds4: gpu busy accum 57040.8 ms over 101632 cbs
ds4: gpu busy accum 57064.5 ms over 101696 cbs
ds4: gpu busy accum 57087.6 ms over 101760 cbs
ds4: gpu busy accum 57110.7 ms over 101824 cbs
ds4: gpu busy accum 57134.7 ms over 101888 cbs
ds4: gpu busy accum 57158.5 ms over 101952 cbs
ds4: gpu busy accum 57181.9 ms over 102016 cbs
ds4: gpu busy accum 57206.0 ms over 102080 cbs
ds4: gpu busy accum 57229.1 ms over 102144 cbs
ds4: gpu busy accum 57253.3 ms over 102208 cbs
ds4: gpu busy accum 57277.2 ms over 102272 cbs
ds4: gpu busy accum 57300.3 ms over 102336 cbs
ds4: gpu busy accum 57323.2 ms over 102400 cbs
ds4: gpu busy accum 57347.8 ms over 102464 cbs
ds4: gpu busy accum 57372.6 ms over 102528 cbs
ds4: gpu busy accum 57395.7 ms over 102592 cbs
ds4: gpu busy accum 57420.4 ms over 102656 cbs
ds4: gpu busy accum 57444.1 ms over 102720 cbs
ds4: gpu busy accum 57469.1 ms over 102784 cbs
ds4: gpu busy accum 57494.2 ms over 102848 cbs
ds4: gpu busy accum 57518.3 ms over 102912 cbs
ds4: gpu busy accum 57542.2 ms over 102976 cbs
ds4: gpu busy accum 57567.1 ms over 103040 cbs
ds4: gpu busy accum 57591.8 ms over 103104 cbs
ds4: gpu busy accum 57615.9 ms over 103168 cbs
ds4: gpu busy accum 57641.3 ms over 103232 cbs
ds4: gpu busy accum 57665.0 ms over 103296 cbs
ds4: gpu busy accum 57689.4 ms over 103360 cbs
ds4: gpu busy accum 57713.7 ms over 103424 cbs
ds4: gpu busy accum 57737.0 ms over 103488 cbs
ds4: gpu busy accum 57761.9 ms over 103552 cbs
ds4: gpu busy accum 57785.0 ms over 103616 cbs
ds4: gpu busy accum 57809.4 ms over 103680 cbs
ds4: gpu busy accum 57833.6 ms over 103744 cbs
ds4: gpu busy accum 57858.3 ms over 103808 cbs
ds4: gpu busy accum 57880.4 ms over 103872 cbs
ds4: gpu busy accum 57904.5 ms over 103936 cbs
ds4: gpu busy accum 57928.5 ms over 104000 cbs
ds4: gpu busy accum 57952.0 ms over 104064 cbs
ds4: gpu busy accum 57975.9 ms over 104128 cbs
ds4: gpu busy accum 57998.7 ms over 104192 cbs
ds4: gpu busy accum 58022.6 ms over 104256 cbs
ds4: gpu busy accum 58045.7 ms over 104320 cbs
ds4: gpu busy accum 58069.6 ms over 104384 cbs
ds4: gpu busy accum 58092.4 ms over 104448 cbs
ds4: gpu busy accum 58116.3 ms over 104512 cbs
ds4: gpu busy accum 58140.5 ms over 104576 cbs
ds4: gpu busy accum 58164.0 ms over 104640 cbs
ds4: gpu busy accum 58188.3 ms over 104704 cbs
ds4: gpu busy accum 58210.9 ms over 104768 cbs
ds4: gpu busy accum 58234.7 ms over 104832 cbs
ds4: gpu busy accum 58258.6 ms over 104896 cbs
ds4: gpu busy accum 58281.6 ms over 104960 cbs
ds4: gpu busy accum 58304.4 ms over 105024 cbs
ds4: gpu busy accum 58328.5 ms over 105088 cbs
ds4: gpu busy accum 58352.3 ms over 105152 cbs
ds4: gpu busy accum 58375.8 ms over 105216 cbs
ds4: gpu busy accum 58400.2 ms over 105280 cbs
ds4: gpu busy accum 58422.4 ms over 105344 cbs
ds4: gpu busy accum 58446.4 ms over 105408 cbs
ds4: gpu busy accum 58470.2 ms over 105472 cbs
ds4: gpu busy accum 58493.3 ms over 105536 cbs
ds4: gpu busy accum 58516.1 ms over 105600 cbs
ds4: gpu busy accum 58539.8 ms over 105664 cbs
ds4: gpu busy accum 58563.6 ms over 105728 cbs
ds4: gpu busy accum 58587.0 ms over 105792 cbs
ds4: gpu busy accum 58611.7 ms over 105856 cbs
ds4: gpu busy accum 58634.1 ms over 105920 cbs
ds4: gpu busy accum 58657.9 ms over 105984 cbs
ds4: gpu busy accum 58681.9 ms over 106048 cbs
ds4: gpu busy accum 58705.0 ms over 106112 cbs
ds4: gpu busy accum 58729.0 ms over 106176 cbs
ds4: gpu busy accum 58751.6 ms over 106240 cbs
ds4: gpu busy accum 58775.4 ms over 106304 cbs
ds4: gpu busy accum 58799.1 ms over 106368 cbs
ds4: gpu busy accum 58823.5 ms over 106432 cbs
ds4: gpu busy accum 58845.8 ms over 106496 cbs
ds4: gpu busy accum 58869.7 ms over 106560 cbs
ds4: gpu busy accum 58893.4 ms over 106624 cbs
ds4: gpu busy accum 58916.7 ms over 106688 cbs
ds4: gpu busy accum 58940.6 ms over 106752 cbs
ds4: gpu busy accum 58963.4 ms over 106816 cbs
ds4: gpu busy accum 58987.5 ms over 106880 cbs
ds4: gpu busy accum 59010.7 ms over 106944 cbs
ds4: gpu busy accum 59034.8 ms over 107008 cbs
ds4: gpu busy accum 59057.6 ms over 107072 cbs
ds4: gpu busy accum 59081.4 ms over 107136 cbs
ds4: gpu busy accum 59105.6 ms over 107200 cbs
ds4: gpu busy accum 59129.1 ms over 107264 cbs
ds4: gpu busy accum 59153.8 ms over 107328 cbs
ds4: gpu busy accum 59176.4 ms over 107392 cbs
ds4: gpu busy accum 59200.1 ms over 107456 cbs
ds4: gpu busy accum 59224.6 ms over 107520 cbs
ds4: gpu busy accum 59248.8 ms over 107584 cbs
ds4: gpu busy accum 59272.3 ms over 107648 cbs
ds4: gpu busy accum 59296.9 ms over 107712 cbs
ds4: gpu busy accum 59321.2 ms over 107776 cbs
ds4: gpu busy accum 59345.2 ms over 107840 cbs
ds4: gpu busy accum 59370.9 ms over 107904 cbs
ds4: gpu busy accum 59394.6 ms over 107968 cbs
ds4: gpu busy accum 59419.5 ms over 108032 cbs
ds4: gpu busy accum 59444.1 ms over 108096 cbs
ds4: gpu busy accum 59467.8 ms over 108160 cbs
ds4: gpu busy accum 59491.0 ms over 108224 cbs
ds4: gpu busy accum 59515.8 ms over 108288 cbs
ds4: gpu busy accum 59540.4 ms over 108352 cbs
ds4: gpu busy accum 59564.5 ms over 108416 cbs
ds4: gpu busy accum 59589.5 ms over 108480 cbs
ds4: gpu busy accum 59612.6 ms over 108544 cbs
ds4: gpu busy accum 59637.1 ms over 108608 cbs
ds4: gpu busy accum 59661.7 ms over 108672 cbs
ds4: gpu busy accum 59685.9 ms over 108736 cbs
ds4: gpu busy accum 59710.8 ms over 108800 cbs
ds4: gpu busy accum 59734.9 ms over 108864 cbs
ds4: gpu busy accum 59760.1 ms over 108928 cbs
ds4: gpu busy accum 59784.4 ms over 108992 cbs
ds4: gpu busy accum 59810.1 ms over 109056 cbs
ds4: gpu busy accum 59833.2 ms over 109120 cbs
ds4: gpu busy accum 59858.3 ms over 109184 cbs
ds4: gpu busy accum 59883.5 ms over 109248 cbs
ds4: gpu busy accum 59908.4 ms over 109312 cbs
ds4: gpu busy accum 59933.6 ms over 109376 cbs
ds4: gpu busy accum 59957.9 ms over 109440 cbs
ds4: gpu busy accum 59983.1 ms over 109504 cbs
ds4: gpu busy accum 60007.6 ms over 109568 cbs
ds4: gpu busy accum 60032.8 ms over 109632 cbs
ds4: gpu busy accum 60057.0 ms over 109696 cbs
ds4: gpu busy accum 60081.8 ms over 109760 cbs
ds4: gpu busy accum 60106.2 ms over 109824 cbs
ds4: gpu busy accum 60129.9 ms over 109888 cbs
ds4: gpu busy accum 60154.5 ms over 109952 cbs
ds4: gpu busy accum 60177.3 ms over 110016 cbs
ds4: gpu busy accum 60201.7 ms over 110080 cbs
ds4: gpu busy accum 60227.7 ms over 110144 cbs
ds4: gpu busy accum 60252.2 ms over 110208 cbs
ds4: gpu busy accum 60276.2 ms over 110272 cbs
ds4: gpu busy accum 60301.4 ms over 110336 cbs
ds4: gpu busy accum 60326.0 ms over 110400 cbs
ds4: gpu busy accum 60350.4 ms over 110464 cbs
ds4: gpu busy accum 60375.8 ms over 110528 cbs
ds4: gpu busy accum 60399.3 ms over 110592 cbs
ds4: gpu busy accum 60424.4 ms over 110656 cbs
ds4: gpu busy accum 60449.4 ms over 110720 cbs
ds4: gpu busy accum 60473.7 ms over 110784 cbs
ds4: gpu busy accum 60497.5 ms over 110848 cbs
ds4: gpu busy accum 60522.3 ms over 110912 cbs
ds4: gpu busy accum 60547.2 ms over 110976 cbs
ds4: gpu busy accum 60571.6 ms over 111040 cbs
ds4: gpu busy accum 60597.4 ms over 111104 cbs
ds4: gpu busy accum 60620.5 ms over 111168 cbs
ds4: gpu busy accum 60645.3 ms over 111232 cbs
ds4: gpu busy accum 60670.1 ms over 111296 cbs
ds4: gpu busy accum 60694.4 ms over 111360 cbs
ds4: gpu busy accum 60719.5 ms over 111424 cbs
ds4: gpu busy accum 60743.2 ms over 111488 cbs
ds4: gpu busy accum 60768.0 ms over 111552 cbs
ds4: gpu busy accum 60792.3 ms over 111616 cbs
ds4: gpu busy accum 60817.7 ms over 111680 cbs
ds4: gpu busy accum 60841.3 ms over 111744 cbs
ds4: gpu busy accum 60866.9 ms over 111808 cbs
ds4: gpu busy accum 60891.9 ms over 111872 cbs
ds4: gpu busy accum 60916.2 ms over 111936 cbs
ds4: gpu busy accum 60941.2 ms over 112000 cbs
ds4: gpu busy accum 60965.4 ms over 112064 cbs
ds4: gpu busy accum 60990.5 ms over 112128 cbs
ds4: gpu busy accum 61014.4 ms over 112192 cbs
ds4: gpu busy accum 61039.4 ms over 112256 cbs
ds4: gpu busy accum 61063.8 ms over 112320 cbs
ds4: gpu busy accum 61088.4 ms over 112384 cbs
ds4: gpu busy accum 61113.1 ms over 112448 cbs
ds4: gpu busy accum 61137.4 ms over 112512 cbs
ds4: gpu busy accum 61162.6 ms over 112576 cbs
ds4: gpu busy accum 61185.9 ms over 112640 cbs
ds4: gpu busy accum 61210.7 ms over 112704 cbs
ds4: gpu busy accum 61235.5 ms over 112768 cbs
ds4: gpu busy accum 61260.1 ms over 112832 cbs
ds4: gpu busy accum 61284.4 ms over 112896 cbs
ds4: gpu busy accum 61309.8 ms over 112960 cbs
ds4: gpu busy accum 61334.6 ms over 113024 cbs
ds4: gpu busy accum 61359.3 ms over 113088 cbs
ds4: gpu busy accum 61385.0 ms over 113152 cbs
ds4: gpu busy accum 61408.4 ms over 113216 cbs
ds4: gpu busy accum 61433.3 ms over 113280 cbs
ds4: gpu busy accum 61457.9 ms over 113344 cbs
ds4: gpu busy accum 61482.0 ms over 113408 cbs
ds4: gpu busy accum 61505.8 ms over 113472 cbs
ds4: gpu busy accum 61530.6 ms over 113536 cbs
ds4: gpu busy accum 61555.7 ms over 113600 cbs
ds4: gpu busy accum 61579.9 ms over 113664 cbs
ds4: gpu busy accum 61605.3 ms over 113728 cbs
ds4: gpu busy accum 61628.5 ms over 113792 cbs
ds4: gpu busy accum 61653.2 ms over 113856 cbs
ds4: gpu busy accum 61677.8 ms over 113920 cbs
ds4: gpu busy accum 61702.2 ms over 113984 cbs
ds4: gpu busy accum 61727.1 ms over 114048 cbs
ds4: gpu busy accum 61750.8 ms over 114112 cbs
ds4: gpu busy accum 61775.5 ms over 114176 cbs
ds4: gpu busy accum 61800.1 ms over 114240 cbs
ds4: gpu busy accum 61825.8 ms over 114304 cbs
ds4: gpu busy accum 61848.7 ms over 114368 cbs
ds4: gpu busy accum 61873.0 ms over 114432 cbs
ds4: gpu busy accum 61897.7 ms over 114496 cbs
ds4: gpu busy accum 61922.4 ms over 114560 cbs
ds4: gpu busy accum 61947.4 ms over 114624 cbs
ds4: gpu busy accum 61970.9 ms over 114688 cbs
ds4: gpu busy accum 61995.4 ms over 114752 cbs
ds4: gpu busy accum 62018.9 ms over 114816 cbs
ds4: gpu busy accum 62043.5 ms over 114880 cbs
ds4: gpu busy accum 62066.8 ms over 114944 cbs
ds4: gpu busy accum 62091.0 ms over 115008 cbs
ds4: gpu busy accum 62115.5 ms over 115072 cbs
ds4: gpu busy accum 62139.6 ms over 115136 cbs
ds4: gpu busy accum 62164.1 ms over 115200 cbs
ds4: gpu busy accum 62188.7 ms over 115264 cbs
ds4: gpu busy accum 62213.8 ms over 115328 cbs
ds4: gpu busy accum 62239.2 ms over 115392 cbs
ds4: gpu busy accum 62263.6 ms over 115456 cbs
ds4: gpu busy accum 62288.1 ms over 115520 cbs
ds4: gpu busy accum 62313.8 ms over 115584 cbs
ds4: gpu busy accum 62339.2 ms over 115648 cbs
ds4: gpu busy accum 62364.1 ms over 115712 cbs
ds4: gpu busy accum 62389.7 ms over 115776 cbs
ds4: gpu busy accum 62413.6 ms over 115840 cbs
ds4: gpu busy accum 62439.2 ms over 115904 cbs
ds4: gpu busy accum 62465.0 ms over 115968 cbs
ds4: gpu busy accum 62490.4 ms over 116032 cbs
ds4: gpu busy accum 62514.8 ms over 116096 cbs
ds4: gpu busy accum 62539.7 ms over 116160 cbs
ds4: gpu busy accum 62564.8 ms over 116224 cbs
ds4: gpu busy accum 62589.3 ms over 116288 cbs
ds4: gpu busy accum 62614.4 ms over 116352 cbs
ds4: gpu busy accum 62637.9 ms over 116416 cbs
ds4: gpu busy accum 62662.6 ms over 116480 cbs
ds4: gpu busy accum 62687.5 ms over 116544 cbs
ds4: gpu busy accum 62711.9 ms over 116608 cbs
ds4: gpu busy accum 62735.7 ms over 116672 cbs
ds4: gpu busy accum 62760.4 ms over 116736 cbs
ds4: gpu busy accum 62785.0 ms over 116800 cbs
ds4: gpu busy accum 62808.9 ms over 116864 cbs
ds4: gpu busy accum 62833.9 ms over 116928 cbs
ds4: gpu busy accum 62857.2 ms over 116992 cbs
ds4: gpu busy accum 62882.1 ms over 117056 cbs
ds4: gpu busy accum 62907.1 ms over 117120 cbs
ds4: gpu busy accum 62931.9 ms over 117184 cbs
ds4: gpu busy accum 62956.6 ms over 117248 cbs
ds4: gpu busy accum 62980.2 ms over 117312 cbs
ds4: gpu busy accum 63005.3 ms over 117376 cbs
ds4: gpu busy accum 63029.5 ms over 117440 cbs
ds4: gpu busy accum 63055.1 ms over 117504 cbs
ds4: gpu busy accum 63078.6 ms over 117568 cbs
ds4: gpu busy accum 63103.2 ms over 117632 cbs
ds4: gpu busy accum 63127.7 ms over 117696 cbs
ds4: gpu busy accum 63151.8 ms over 117760 cbs
ds4: gpu busy accum 63176.1 ms over 117824 cbs
ds4: gpu busy accum 63200.5 ms over 117888 cbs
ds4: gpu busy accum 63225.3 ms over 117952 cbs
ds4: gpu busy accum 63250.0 ms over 118016 cbs
ds4: gpu busy accum 63274.4 ms over 118080 cbs
ds4: gpu busy accum 63298.3 ms over 118144 cbs
ds4: gpu busy accum 63323.8 ms over 118208 cbs
ds4: gpu busy accum 63348.2 ms over 118272 cbs
ds4: gpu busy accum 63372.7 ms over 118336 cbs
ds4: gpu busy accum 63397.9 ms over 118400 cbs
ds4: gpu busy accum 63421.7 ms over 118464 cbs
ds4: gpu busy accum 63446.4 ms over 118528 cbs
ds4: gpu busy accum 63471.0 ms over 118592 cbs
ds4: gpu busy accum 63494.7 ms over 118656 cbs
ds4: gpu busy accum 63518.3 ms over 118720 cbs
ds4: gpu busy accum 63542.8 ms over 118784 cbs
ds4: gpu busy accum 63567.3 ms over 118848 cbs
ds4: gpu busy accum 63591.1 ms over 118912 cbs
ds4: gpu busy accum 63615.8 ms over 118976 cbs
ds4: gpu busy accum 63639.2 ms over 119040 cbs
ds4: gpu busy accum 63664.0 ms over 119104 cbs
ds4: gpu busy accum 63688.7 ms over 119168 cbs
ds4: gpu busy accum 63712.6 ms over 119232 cbs
ds4: gpu busy accum 63736.1 ms over 119296 cbs
ds4: gpu busy accum 63760.6 ms over 119360 cbs
ds4: gpu busy accum 63785.0 ms over 119424 cbs
ds4: gpu busy accum 63808.9 ms over 119488 cbs
ds4: gpu busy accum 63833.7 ms over 119552 cbs
ds4: gpu busy accum 63856.8 ms over 119616 cbs
ds4: gpu busy accum 63881.3 ms over 119680 cbs
ds4: gpu busy accum 63906.0 ms over 119744 cbs
ds4: gpu busy accum 63930.1 ms over 119808 cbs
ds4: gpu busy accum 63955.1 ms over 119872 cbs
ds4: gpu busy accum 63978.5 ms over 119936 cbs
ds4: gpu busy accum 64003.0 ms over 120000 cbs
ds4: gpu busy accum 64026.8 ms over 120064 cbs
ds4: gpu busy accum 64051.8 ms over 120128 cbs
ds4: gpu busy accum 64075.3 ms over 120192 cbs
ds4: gpu busy accum 64099.7 ms over 120256 cbs
ds4: gpu busy accum 64124.2 ms over 120320 cbs
ds4: gpu busy accum 64148.3 ms over 120384 cbs
ds4: gpu busy accum 64172.6 ms over 120448 cbs
ds4: gpu busy accum 64196.6 ms over 120512 cbs
ds4: gpu busy accum 64221.1 ms over 120576 cbs
ds4: gpu busy accum 64245.9 ms over 120640 cbs
ds4: gpu busy accum 64269.7 ms over 120704 cbs
ds4: gpu busy accum 64293.2 ms over 120768 cbs
ds4: gpu busy accum 64317.7 ms over 120832 cbs
ds4: gpu busy accum 64342.0 ms over 120896 cbs
ds4: gpu busy accum 64366.1 ms over 120960 cbs
ds4: gpu busy accum 64390.9 ms over 121024 cbs
ds4: gpu busy accum 64414.1 ms over 121088 cbs
ds4: gpu busy accum 64438.5 ms over 121152 cbs
ds4: gpu busy accum 64462.9 ms over 121216 cbs
ds4: gpu busy accum 64486.9 ms over 121280 cbs
ds4: gpu busy accum 64510.3 ms over 121344 cbs
ds4: gpu busy accum 64535.0 ms over 121408 cbs
ds4: gpu busy accum 64559.6 ms over 121472 cbs
ds4: gpu busy accum 64583.6 ms over 121536 cbs
ds4: gpu busy accum 64608.5 ms over 121600 cbs
ds4: gpu busy accum 64631.4 ms over 121664 cbs
ds4: gpu busy accum 64655.5 ms over 121728 cbs
ds4: gpu busy accum 64679.1 ms over 121792 cbs
ds4: gpu busy accum 64703.6 ms over 121856 cbs
ds4: gpu busy accum 64727.1 ms over 121920 cbs
ds4: gpu busy accum 64751.3 ms over 121984 cbs
ds4: gpu busy accum 64775.5 ms over 122048 cbs
ds4: gpu busy accum 64799.2 ms over 122112 cbs
ds4: gpu busy accum 64824.0 ms over 122176 cbs
ds4: gpu busy accum 64846.9 ms over 122240 cbs
ds4: gpu busy accum 64871.2 ms over 122304 cbs
ds4: gpu busy accum 64895.5 ms over 122368 cbs
ds4: gpu busy accum 64919.7 ms over 122432 cbs
ds4: gpu busy accum 64943.3 ms over 122496 cbs
ds4: gpu busy accum 64967.8 ms over 122560 cbs
ds4: gpu busy accum 64992.2 ms over 122624 cbs
ds4: gpu busy accum 65016.0 ms over 122688 cbs
ds4: gpu busy accum 65040.6 ms over 122752 cbs
ds4: gpu busy accum 65064.1 ms over 122816 cbs
ds4: gpu busy accum 65088.4 ms over 122880 cbs
ds4: gpu busy accum 65112.8 ms over 122944 cbs
ds4: gpu busy accum 65136.6 ms over 123008 cbs
ds4: gpu busy accum 65159.9 ms over 123072 cbs
ds4: gpu busy accum 65184.3 ms over 123136 cbs
ds4: gpu busy accum 65208.7 ms over 123200 cbs
ds4: gpu busy accum 65232.5 ms over 123264 cbs
ds4: gpu busy accum 65257.3 ms over 123328 cbs
ds4: gpu busy accum 65281.1 ms over 123392 cbs
ds4: gpu busy accum 65306.5 ms over 123456 cbs
ds4: gpu busy accum 65331.8 ms over 123520 cbs
ds4: gpu busy accum 65356.4 ms over 123584 cbs
ds4: gpu busy accum 65380.5 ms over 123648 cbs
ds4: gpu busy accum 65405.9 ms over 123712 cbs
ds4: gpu busy accum 65430.9 ms over 123776 cbs
ds4: gpu busy accum 65454.9 ms over 123840 cbs
ds4: gpu busy accum 65480.1 ms over 123904 cbs
ds4: gpu busy accum 65503.7 ms over 123968 cbs
ds4: gpu busy accum 65529.0 ms over 124032 cbs
ds4: gpu busy accum 65553.7 ms over 124096 cbs
ds4: gpu busy accum 65578.1 ms over 124160 cbs
ds4: gpu busy accum 65602.8 ms over 124224 cbs
ds4: gpu busy accum 65626.1 ms over 124288 cbs
ds4: gpu busy accum 65650.4 ms over 124352 cbs
ds4: gpu busy accum 65674.3 ms over 124416 cbs
ds4: gpu busy accum 65699.2 ms over 124480 cbs
ds4: gpu busy accum 65722.3 ms over 124544 cbs
ds4: gpu busy accum 65746.7 ms over 124608 cbs
ds4: gpu busy accum 65771.4 ms over 124672 cbs
ds4: gpu busy accum 65796.1 ms over 124736 cbs
ds4: gpu busy accum 65820.9 ms over 124800 cbs
ds4: gpu busy accum 65845.3 ms over 124864 cbs
ds4: gpu busy accum 65870.7 ms over 124928 cbs
ds4: gpu busy accum 65896.0 ms over 124992 cbs
ds4: gpu busy accum 65920.5 ms over 125056 cbs
ds4: gpu busy accum 65944.9 ms over 125120 cbs
ds4: gpu busy accum 65969.8 ms over 125184 cbs
ds4: gpu busy accum 65995.3 ms over 125248 cbs
ds4: gpu busy accum 66020.5 ms over 125312 cbs
ds4: gpu busy accum 66046.4 ms over 125376 cbs
ds4: gpu busy accum 66070.1 ms over 125440 cbs
ds4: gpu busy accum 66094.7 ms over 125504 cbs
ds4: gpu busy accum 66120.0 ms over 125568 cbs
ds4: gpu busy accum 66144.2 ms over 125632 cbs
ds4: gpu busy accum 66168.2 ms over 125696 cbs
ds4: gpu busy accum 66193.5 ms over 125760 cbs
ds4: gpu busy accum 66218.3 ms over 125824 cbs
ds4: gpu busy accum 66242.5 ms over 125888 cbs
ds4: gpu busy accum 66268.1 ms over 125952 cbs
ds4: gpu busy accum 66291.7 ms over 126016 cbs
ds4: gpu busy accum 66316.9 ms over 126080 cbs
ds4: gpu busy accum 66341.9 ms over 126144 cbs
ds4: gpu busy accum 66366.4 ms over 126208 cbs
ds4: gpu busy accum 66390.2 ms over 126272 cbs
ds4: gpu busy accum 66414.9 ms over 126336 cbs
ds4: gpu busy accum 66439.8 ms over 126400 cbs
ds4: gpu busy accum 66463.6 ms over 126464 cbs
ds4: gpu busy accum 66488.8 ms over 126528 cbs
ds4: gpu busy accum 66512.5 ms over 126592 cbs
ds4: gpu busy accum 73002.8 ms over 126656 cbs
ds4: gpu busy accum 78730.9 ms over 126720 cbs
ds4: gpu busy accum 81643.5 ms over 126784 cbs
ds4: gpu busy accum 82071.6 ms over 126848 cbs
ds4: gpu busy accum 82132.6 ms over 126912 cbs
ds4: gpu busy accum 82163.0 ms over 126976 cbs
ds4: gpu busy accum 82188.0 ms over 127040 cbs
ds4: gpu busy accum 82212.6 ms over 127104 cbs
ds4: gpu busy accum 82235.9 ms over 127168 cbs
ds4: gpu busy accum 82259.2 ms over 127232 cbs
ds4: gpu busy accum 82282.8 ms over 127296 cbs
ds4: gpu busy accum 82305.5 ms over 127360 cbs
ds4: gpu busy accum 82329.1 ms over 127424 cbs
ds4: gpu busy accum 82353.5 ms over 127488 cbs
ds4: gpu busy accum 82375.9 ms over 127552 cbs
ds4: gpu busy accum 82398.8 ms over 127616 cbs
ds4: gpu busy accum 82422.1 ms over 127680 cbs
ds4: gpu busy accum 82445.8 ms over 127744 cbs
ds4: gpu busy accum 82468.6 ms over 127808 cbs
ds4: gpu busy accum 82492.3 ms over 127872 cbs
ds4: gpu busy accum 82515.1 ms over 127936 cbs
ds4: gpu busy accum 82539.0 ms over 128000 cbs
ds4: gpu busy accum 82563.7 ms over 128064 cbs
ds4: gpu busy accum 82587.5 ms over 128128 cbs
ds4: gpu busy accum 82610.3 ms over 128192 cbs
ds4: gpu busy accum 82635.1 ms over 128256 cbs
ds4: gpu busy accum 82659.5 ms over 128320 cbs
ds4: gpu busy accum 82683.6 ms over 128384 cbs
ds4: gpu busy accum 82708.9 ms over 128448 cbs
ds4: gpu busy accum 82732.0 ms over 128512 cbs
ds4: gpu busy accum 82756.0 ms over 128576 cbs
ds4: gpu busy accum 82779.4 ms over 128640 cbs
ds4: gpu busy accum 82803.2 ms over 128704 cbs
ds4: gpu busy accum 82827.6 ms over 128768 cbs
ds4: gpu busy accum 82850.6 ms over 128832 cbs
ds4: gpu busy accum 82875.1 ms over 128896 cbs
ds4: gpu busy accum 82897.9 ms over 128960 cbs
ds4: gpu busy accum 82922.8 ms over 129024 cbs
ds4: gpu busy accum 82946.0 ms over 129088 cbs
ds4: gpu busy accum 82970.0 ms over 129152 cbs
ds4: gpu busy accum 82993.4 ms over 129216 cbs
ds4: gpu busy accum 83016.8 ms over 129280 cbs
ds4: gpu busy accum 83040.6 ms over 129344 cbs
ds4: gpu busy accum 83063.9 ms over 129408 cbs
ds4: gpu busy accum 83087.6 ms over 129472 cbs
ds4: gpu busy accum 83112.4 ms over 129536 cbs
ds4: gpu busy accum 83135.3 ms over 129600 cbs
ds4: gpu busy accum 83158.6 ms over 129664 cbs
ds4: gpu busy accum 83182.9 ms over 129728 cbs
ds4: gpu busy accum 83206.3 ms over 129792 cbs
ds4: gpu busy accum 83229.4 ms over 129856 cbs
ds4: gpu busy accum 83253.5 ms over 129920 cbs
ds4: gpu busy accum 83275.7 ms over 129984 cbs
ds4: gpu busy accum 83299.3 ms over 130048 cbs
ds4: gpu busy accum 83322.7 ms over 130112 cbs
ds4: gpu busy accum 83346.1 ms over 130176 cbs
ds4: gpu busy accum 83369.0 ms over 130240 cbs
ds4: gpu busy accum 83392.9 ms over 130304 cbs
ds4: gpu busy accum 83416.3 ms over 130368 cbs
ds4: gpu busy accum 83439.0 ms over 130432 cbs
ds4: gpu busy accum 83462.8 ms over 130496 cbs
ds4: gpu busy accum 83484.8 ms over 130560 cbs
ds4: gpu busy accum 83508.2 ms over 130624 cbs
ds4: gpu busy accum 83531.6 ms over 130688 cbs
ds4: gpu busy accum 83554.4 ms over 130752 cbs
ds4: gpu busy accum 83577.1 ms over 130816 cbs
ds4: gpu busy accum 83601.3 ms over 130880 cbs
ds4: gpu busy accum 83624.7 ms over 130944 cbs
ds4: gpu busy accum 83648.1 ms over 131008 cbs
ds4: gpu busy accum 83672.1 ms over 131072 cbs
ds4: gpu busy accum 83694.6 ms over 131136 cbs
ds4: gpu busy accum 83718.1 ms over 131200 cbs
ds4: gpu busy accum 83741.5 ms over 131264 cbs
ds4: gpu busy accum 83764.6 ms over 131328 cbs
ds4: gpu busy accum 83788.1 ms over 131392 cbs
ds4: gpu busy accum 83810.5 ms over 131456 cbs
ds4: gpu busy accum 83834.0 ms over 131520 cbs
ds4: gpu busy accum 83857.4 ms over 131584 cbs
ds4: gpu busy accum 83881.1 ms over 131648 cbs
ds4: gpu busy accum 83904.3 ms over 131712 cbs
ds4: gpu busy accum 83928.0 ms over 131776 cbs
ds4: gpu busy accum 83951.5 ms over 131840 cbs
ds4: gpu busy accum 83975.1 ms over 131904 cbs
ds4: gpu busy accum 83998.9 ms over 131968 cbs
ds4: gpu busy accum 84021.8 ms over 132032 cbs
ds4: gpu busy accum 84045.6 ms over 132096 cbs
ds4: gpu busy accum 84069.7 ms over 132160 cbs
ds4: gpu busy accum 84092.5 ms over 132224 cbs
ds4: gpu busy accum 84115.1 ms over 132288 cbs
ds4: gpu busy accum 84139.6 ms over 132352 cbs
ds4: gpu busy accum 84164.2 ms over 132416 cbs
ds4: gpu busy accum 84188.2 ms over 132480 cbs
ds4: gpu busy accum 84212.3 ms over 132544 cbs
ds4: gpu busy accum 84234.9 ms over 132608 cbs
ds4: gpu busy accum 84259.0 ms over 132672 cbs
ds4: gpu busy accum 84282.7 ms over 132736 cbs
ds4: gpu busy accum 84305.7 ms over 132800 cbs
ds4: gpu busy accum 84328.2 ms over 132864 cbs
ds4: gpu busy accum 84351.8 ms over 132928 cbs
ds4: gpu busy accum 84376.2 ms over 132992 cbs
ds4: gpu busy accum 84399.4 ms over 133056 cbs
ds4: gpu busy accum 84423.5 ms over 133120 cbs
ds4: gpu busy accum 84445.8 ms over 133184 cbs
ds4: gpu busy accum 84469.2 ms over 133248 cbs
ds4: gpu busy accum 84493.1 ms over 133312 cbs
ds4: gpu busy accum 84516.3 ms over 133376 cbs
ds4: gpu busy accum 84539.2 ms over 133440 cbs
ds4: gpu busy accum 84562.6 ms over 133504 cbs
ds4: gpu busy accum 84586.5 ms over 133568 cbs
ds4: gpu busy accum 84609.9 ms over 133632 cbs
ds4: gpu busy accum 84633.6 ms over 133696 cbs
ds4: gpu busy accum 84655.9 ms over 133760 cbs
ds4: gpu busy accum 84679.3 ms over 133824 cbs
ds4: gpu busy accum 84703.9 ms over 133888 cbs
ds4: gpu busy accum 84726.8 ms over 133952 cbs
ds4: gpu busy accum 84750.8 ms over 134016 cbs
ds4: gpu busy accum 84773.6 ms over 134080 cbs
ds4: gpu busy accum 84798.1 ms over 134144 cbs
ds4: gpu busy accum 84820.8 ms over 134208 cbs
ds4: gpu busy accum 84844.5 ms over 134272 cbs
ds4: gpu busy accum 84867.0 ms over 134336 cbs
ds4: gpu busy accum 84890.2 ms over 134400 cbs
ds4: gpu busy accum 84914.3 ms over 134464 cbs
ds4: gpu busy accum 84937.6 ms over 134528 cbs
ds4: gpu busy accum 84962.0 ms over 134592 cbs
ds4: gpu busy accum 84984.1 ms over 134656 cbs
ds4: gpu busy accum 85007.4 ms over 134720 cbs
ds4: gpu busy accum 85030.2 ms over 134784 cbs
ds4: gpu busy accum 85056.1 ms over 134848 cbs
ds4: gpu busy accum 85078.2 ms over 134912 cbs
ds4: gpu busy accum 85101.4 ms over 134976 cbs
ds4: gpu busy accum 85124.8 ms over 135040 cbs
ds4: gpu busy accum 85147.8 ms over 135104 cbs
ds4: gpu busy accum 85171.4 ms over 135168 cbs
ds4: gpu busy accum 85194.8 ms over 135232 cbs
ds4: gpu busy accum 85218.8 ms over 135296 cbs
ds4: gpu busy accum 85241.9 ms over 135360 cbs
ds4: gpu busy accum 85266.5 ms over 135424 cbs
ds4: gpu busy accum 85289.0 ms over 135488 cbs
ds4: gpu busy accum 85312.6 ms over 135552 cbs
ds4: gpu busy accum 85336.9 ms over 135616 cbs
ds4: gpu busy accum 85360.9 ms over 135680 cbs
ds4: gpu busy accum 85385.5 ms over 135744 cbs
ds4: gpu busy accum 85409.3 ms over 135808 cbs
ds4: gpu busy accum 85433.1 ms over 135872 cbs
ds4: gpu busy accum 85457.2 ms over 135936 cbs
ds4: gpu busy accum 85480.6 ms over 136000 cbs
ds4: gpu busy accum 85503.5 ms over 136064 cbs
ds4: gpu busy accum 85527.3 ms over 136128 cbs
ds4: gpu busy accum 85551.5 ms over 136192 cbs
ds4: gpu busy accum 85575.7 ms over 136256 cbs
ds4: gpu busy accum 85599.3 ms over 136320 cbs
ds4: gpu busy accum 85622.5 ms over 136384 cbs
ds4: gpu busy accum 85647.0 ms over 136448 cbs
ds4: gpu busy accum 85671.6 ms over 136512 cbs
ds4: gpu busy accum 85695.5 ms over 136576 cbs
ds4: gpu busy accum 85718.7 ms over 136640 cbs
ds4: gpu busy accum 85743.7 ms over 136704 cbs
ds4: gpu busy accum 85768.2 ms over 136768 cbs
ds4: gpu busy accum 85792.6 ms over 136832 cbs
ds4: gpu busy accum 85816.8 ms over 136896 cbs
ds4: gpu busy accum 85838.6 ms over 136960 cbs
ds4: gpu busy accum 85862.5 ms over 137024 cbs
ds4: gpu busy accum 85886.5 ms over 137088 cbs
ds4: gpu busy accum 85909.9 ms over 137152 cbs
ds4: gpu busy accum 85932.3 ms over 137216 cbs
ds4: gpu busy accum 85955.7 ms over 137280 cbs
ds4: gpu busy accum 85979.0 ms over 137344 cbs
ds4: gpu busy accum 86001.7 ms over 137408 cbs
ds4: gpu busy accum 86025.6 ms over 137472 cbs
ds4: gpu busy accum 86048.6 ms over 137536 cbs
ds4: gpu busy accum 86072.6 ms over 137600 cbs
ds4: gpu busy accum 86096.3 ms over 137664 cbs
ds4: gpu busy accum 86119.5 ms over 137728 cbs
ds4: gpu busy accum 86143.4 ms over 137792 cbs
ds4: gpu busy accum 86166.3 ms over 137856 cbs
ds4: gpu busy accum 86190.5 ms over 137920 cbs
ds4: gpu busy accum 86213.6 ms over 137984 cbs
ds4: gpu busy accum 86237.8 ms over 138048 cbs
ds4: gpu busy accum 86259.8 ms over 138112 cbs
ds4: gpu busy accum 86284.0 ms over 138176 cbs
ds4: gpu busy accum 86307.6 ms over 138240 cbs
ds4: gpu busy accum 86331.7 ms over 138304 cbs
ds4: gpu busy accum 86355.2 ms over 138368 cbs
ds4: gpu busy accum 86377.6 ms over 138432 cbs
ds4: gpu busy accum 86402.0 ms over 138496 cbs
ds4: gpu busy accum 86425.4 ms over 138560 cbs
ds4: gpu busy accum 86448.9 ms over 138624 cbs
ds4: gpu busy accum 86471.1 ms over 138688 cbs
ds4: gpu busy accum 86494.9 ms over 138752 cbs
ds4: gpu busy accum 86518.1 ms over 138816 cbs
ds4: gpu busy accum 86540.6 ms over 138880 cbs
ds4: gpu busy accum 86564.0 ms over 138944 cbs
ds4: gpu busy accum 86586.3 ms over 139008 cbs
ds4: gpu busy accum 86609.7 ms over 139072 cbs
ds4: gpu busy accum 86633.1 ms over 139136 cbs
ds4: gpu busy accum 86656.7 ms over 139200 cbs
ds4: gpu busy accum 86678.9 ms over 139264 cbs
ds4: gpu busy accum 86702.9 ms over 139328 cbs
ds4: gpu busy accum 86726.2 ms over 139392 cbs
ds4: gpu busy accum 86749.1 ms over 139456 cbs
ds4: gpu busy accum 86772.0 ms over 139520 cbs
ds4: gpu busy accum 86795.4 ms over 139584 cbs
ds4: gpu busy accum 86818.7 ms over 139648 cbs
ds4: gpu busy accum 86842.5 ms over 139712 cbs
ds4: gpu busy accum 86865.6 ms over 139776 cbs
ds4: gpu busy accum 86888.3 ms over 139840 cbs
ds4: gpu busy accum 86911.9 ms over 139904 cbs
ds4: gpu busy accum 86935.2 ms over 139968 cbs
ds4: gpu busy accum 86958.3 ms over 140032 cbs
ds4: gpu busy accum 86982.1 ms over 140096 cbs
ds4: gpu busy accum 87004.4 ms over 140160 cbs
ds4: gpu busy accum 87028.1 ms over 140224 cbs
ds4: gpu busy accum 87051.7 ms over 140288 cbs
ds4: gpu busy accum 87075.0 ms over 140352 cbs
ds4: gpu busy accum 87097.9 ms over 140416 cbs
ds4: gpu busy accum 87121.5 ms over 140480 cbs
ds4: gpu busy accum 87145.0 ms over 140544 cbs
ds4: gpu busy accum 87167.7 ms over 140608 cbs
ds4: gpu busy accum 87191.6 ms over 140672 cbs
ds4: gpu busy accum 87213.6 ms over 140736 cbs
ds4: gpu busy accum 87237.4 ms over 140800 cbs
ds4: gpu busy accum 87260.7 ms over 140864 cbs
ds4: gpu busy accum 87283.5 ms over 140928 cbs
ds4: gpu busy accum 87305.8 ms over 140992 cbs
ds4: gpu busy accum 87329.1 ms over 141056 cbs
ds4: gpu busy accum 87352.4 ms over 141120 cbs
ds4: gpu busy accum 87375.1 ms over 141184 cbs
ds4: gpu busy accum 87398.8 ms over 141248 cbs
ds4: gpu busy accum 87420.8 ms over 141312 cbs
ds4: gpu busy accum 87444.1 ms over 141376 cbs
ds4: gpu busy accum 87467.3 ms over 141440 cbs
ds4: gpu busy accum 87490.1 ms over 141504 cbs
ds4: gpu busy accum 87512.5 ms over 141568 cbs
ds4: gpu busy accum 87535.8 ms over 141632 cbs
ds4: gpu busy accum 87559.2 ms over 141696 cbs
ds4: gpu busy accum 87581.8 ms over 141760 cbs
ds4: gpu busy accum 87605.6 ms over 141824 cbs
ds4: gpu busy accum 87627.7 ms over 141888 cbs
ds4: gpu busy accum 87651.0 ms over 141952 cbs
ds4: gpu busy accum 87674.5 ms over 142016 cbs
ds4: gpu busy accum 87697.4 ms over 142080 cbs
ds4: gpu busy accum 87720.8 ms over 142144 cbs
ds4: gpu busy accum 87743.1 ms over 142208 cbs
ds4: gpu busy accum 87766.5 ms over 142272 cbs
ds4: gpu busy accum 87789.5 ms over 142336 cbs
ds4: gpu busy accum 87813.5 ms over 142400 cbs
ds4: gpu busy accum 87835.8 ms over 142464 cbs
ds4: gpu busy accum 87859.5 ms over 142528 cbs
ds4: gpu busy accum 87883.1 ms over 142592 cbs
ds4: gpu busy accum 87906.2 ms over 142656 cbs
ds4: gpu busy accum 87929.5 ms over 142720 cbs
ds4: gpu busy accum 87952.5 ms over 142784 cbs
ds4: gpu busy accum 87976.0 ms over 142848 cbs
ds4: gpu busy accum 87999.6 ms over 142912 cbs
ds4: gpu busy accum 88022.6 ms over 142976 cbs
ds4: gpu busy accum 88045.2 ms over 143040 cbs
ds4: gpu busy accum 88068.8 ms over 143104 cbs
ds4: gpu busy accum 88092.4 ms over 143168 cbs
ds4: gpu busy accum 88116.1 ms over 143232 cbs
ds4: gpu busy accum 88139.7 ms over 143296 cbs
ds4: gpu busy accum 88162.5 ms over 143360 cbs
ds4: gpu busy accum 88185.8 ms over 143424 cbs
ds4: gpu busy accum 88209.2 ms over 143488 cbs
ds4: gpu busy accum 88231.9 ms over 143552 cbs
ds4: gpu busy accum 88254.2 ms over 143616 cbs
ds4: gpu busy accum 88278.0 ms over 143680 cbs
ds4: gpu busy accum 88301.4 ms over 143744 cbs
ds4: gpu busy accum 88324.1 ms over 143808 cbs
ds4: gpu busy accum 88347.8 ms over 143872 cbs
ds4: gpu busy accum 88370.0 ms over 143936 cbs
ds4: gpu busy accum 88393.4 ms over 144000 cbs
ds4: gpu busy accum 88417.2 ms over 144064 cbs
ds4: gpu busy accum 88439.9 ms over 144128 cbs
ds4: gpu busy accum 88462.3 ms over 144192 cbs
ds4: gpu busy accum 88486.1 ms over 144256 cbs
ds4: gpu busy accum 88509.3 ms over 144320 cbs
ds4: gpu busy accum 88533.1 ms over 144384 cbs
ds4: gpu busy accum 88557.4 ms over 144448 cbs
ds4: gpu busy accum 88579.3 ms over 144512 cbs
ds4: gpu busy accum 88602.6 ms over 144576 cbs
ds4: gpu busy accum 88626.0 ms over 144640 cbs
ds4: gpu busy accum 88648.6 ms over 144704 cbs
ds4: gpu busy accum 88672.1 ms over 144768 cbs
ds4: gpu busy accum 88694.9 ms over 144832 cbs
ds4: gpu busy accum 88718.2 ms over 144896 cbs
ds4: gpu busy accum 88740.8 ms over 144960 cbs
ds4: gpu busy accum 88765.3 ms over 145024 cbs
ds4: gpu busy accum 88787.0 ms over 145088 cbs
ds4: gpu busy accum 88810.6 ms over 145152 cbs
ds4: gpu busy accum 88833.8 ms over 145216 cbs
ds4: gpu busy accum 88856.6 ms over 145280 cbs
ds4: gpu busy accum 88880.0 ms over 145344 cbs
ds4: gpu busy accum 88902.2 ms over 145408 cbs
ds4: gpu busy accum 88925.5 ms over 145472 cbs
ds4: gpu busy accum 88948.2 ms over 145536 cbs
ds4: gpu busy accum 88971.6 ms over 145600 cbs
ds4: gpu busy accum 88994.6 ms over 145664 cbs
ds4: gpu busy accum 89018.3 ms over 145728 cbs
ds4: gpu busy accum 89041.7 ms over 145792 cbs
ds4: gpu busy accum 89064.5 ms over 145856 cbs
ds4: gpu busy accum 89088.2 ms over 145920 cbs
ds4: gpu busy accum 89111.1 ms over 145984 cbs
ds4: gpu busy accum 89134.3 ms over 146048 cbs
ds4: gpu busy accum 89158.5 ms over 146112 cbs
ds4: gpu busy accum 89181.3 ms over 146176 cbs
ds4: gpu busy accum 89203.7 ms over 146240 cbs
ds4: gpu busy accum 89227.0 ms over 146304 cbs
ds4: gpu busy accum 89250.1 ms over 146368 cbs
ds4: gpu busy accum 89273.0 ms over 146432 cbs
ds4: gpu busy accum 89296.9 ms over 146496 cbs
ds4: gpu busy accum 89318.6 ms over 146560 cbs
ds4: gpu busy accum 89342.3 ms over 146624 cbs
ds4: gpu busy accum 89365.6 ms over 146688 cbs
ds4: gpu busy accum 89388.7 ms over 146752 cbs
ds4: gpu busy accum 89411.4 ms over 146816 cbs
ds4: gpu busy accum 89435.1 ms over 146880 cbs
ds4: gpu busy accum 89458.9 ms over 146944 cbs
ds4: gpu busy accum 89481.8 ms over 147008 cbs
ds4: gpu busy accum 89506.1 ms over 147072 cbs
ds4: gpu busy accum 89527.9 ms over 147136 cbs
ds4: gpu busy accum 89551.2 ms over 147200 cbs
ds4: gpu busy accum 89574.6 ms over 147264 cbs
ds4: gpu busy accum 89597.3 ms over 147328 cbs
ds4: gpu busy accum 89620.8 ms over 147392 cbs
ds4: gpu busy accum 89643.5 ms over 147456 cbs
ds4: gpu busy accum 89667.1 ms over 147520 cbs
ds4: gpu busy accum 89689.8 ms over 147584 cbs
ds4: gpu busy accum 89713.8 ms over 147648 cbs
ds4: gpu busy accum 89735.6 ms over 147712 cbs
ds4: gpu busy accum 89759.2 ms over 147776 cbs
ds4: gpu busy accum 89782.5 ms over 147840 cbs
ds4: gpu busy accum 89805.3 ms over 147904 cbs
ds4: gpu busy accum 89829.0 ms over 147968 cbs
ds4: gpu busy accum 89851.4 ms over 148032 cbs
ds4: gpu busy accum 89875.3 ms over 148096 cbs
ds4: gpu busy accum 89898.1 ms over 148160 cbs
ds4: gpu busy accum 89921.7 ms over 148224 cbs
ds4: gpu busy accum 89944.1 ms over 148288 cbs
ds4: gpu busy accum 89967.3 ms over 148352 cbs
ds4: gpu busy accum 89990.8 ms over 148416 cbs
ds4: gpu busy accum 90014.5 ms over 148480 cbs
ds4: gpu busy accum 90038.5 ms over 148544 cbs
ds4: gpu busy accum 90061.8 ms over 148608 cbs
ds4: gpu busy accum 90086.1 ms over 148672 cbs
ds4: gpu busy accum 90109.6 ms over 148736 cbs
ds4: gpu busy accum 90132.5 ms over 148800 cbs
ds4: gpu busy accum 90156.4 ms over 148864 cbs
ds4: gpu busy accum 90180.2 ms over 148928 cbs
ds4: gpu busy accum 90203.9 ms over 148992 cbs
ds4: gpu busy accum 90227.9 ms over 149056 cbs
ds4: gpu busy accum 90252.1 ms over 149120 cbs
ds4: gpu busy accum 90274.7 ms over 149184 cbs
ds4: gpu busy accum 90299.3 ms over 149248 cbs
ds4: gpu busy accum 90323.0 ms over 149312 cbs
ds4: gpu busy accum 90346.7 ms over 149376 cbs
ds4: gpu busy accum 90369.3 ms over 149440 cbs
ds4: gpu busy accum 90392.9 ms over 149504 cbs
ds4: gpu busy accum 90416.4 ms over 149568 cbs
ds4: gpu busy accum 90439.2 ms over 149632 cbs
ds4: gpu busy accum 90463.3 ms over 149696 cbs
ds4: gpu busy accum 90485.2 ms over 149760 cbs
ds4: gpu busy accum 90508.8 ms over 149824 cbs
ds4: gpu busy accum 90532.2 ms over 149888 cbs
ds4: gpu busy accum 90555.0 ms over 149952 cbs
ds4: gpu busy accum 90577.5 ms over 150016 cbs
ds4: gpu busy accum 90601.3 ms over 150080 cbs
ds4: gpu busy accum 90625.0 ms over 150144 cbs
ds4: gpu busy accum 90647.8 ms over 150208 cbs
ds4: gpu busy accum 90672.4 ms over 150272 cbs
ds4: gpu busy accum 90694.6 ms over 150336 cbs
ds4: gpu busy accum 90718.5 ms over 150400 cbs
ds4: gpu busy accum 90742.2 ms over 150464 cbs
ds4: gpu busy accum 90765.4 ms over 150528 cbs
ds4: gpu busy accum 90789.1 ms over 150592 cbs
ds4: gpu busy accum 90811.7 ms over 150656 cbs
ds4: gpu busy accum 90835.3 ms over 150720 cbs
ds4: gpu busy accum 90858.1 ms over 150784 cbs
ds4: gpu busy accum 90882.1 ms over 150848 cbs
ds4: gpu busy accum 90904.2 ms over 150912 cbs
ds4: gpu busy accum 90927.8 ms over 150976 cbs
ds4: gpu busy accum 90951.4 ms over 151040 cbs
ds4: gpu busy accum 90974.2 ms over 151104 cbs
ds4: gpu busy accum 90997.6 ms over 151168 cbs
ds4: gpu busy accum 91019.9 ms over 151232 cbs
ds4: gpu busy accum 91043.2 ms over 151296 cbs
ds4: gpu busy accum 91066.2 ms over 151360 cbs
ds4: gpu busy accum 91089.7 ms over 151424 cbs
ds4: gpu busy accum 91112.7 ms over 151488 cbs
ds4: gpu busy accum 91136.1 ms over 151552 cbs
ds4: gpu busy accum 91159.3 ms over 151616 cbs
ds4: gpu busy accum 91183.2 ms over 151680 cbs
ds4: gpu busy accum 91206.7 ms over 151744 cbs
ds4: gpu busy accum 91229.4 ms over 151808 cbs
ds4: gpu busy accum 91252.7 ms over 151872 cbs
ds4: gpu busy accum 91276.3 ms over 151936 cbs
ds4: gpu busy accum 91299.0 ms over 152000 cbs
ds4: gpu busy accum 91321.5 ms over 152064 cbs
ds4: gpu busy accum 91344.8 ms over 152128 cbs
ds4: gpu busy accum 91368.0 ms over 152192 cbs
ds4: gpu busy accum 91390.8 ms over 152256 cbs
ds4: gpu busy accum 91414.4 ms over 152320 cbs
ds4: gpu busy accum 91436.7 ms over 152384 cbs
ds4: gpu busy accum 91459.9 ms over 152448 cbs
ds4: gpu busy accum 91483.2 ms over 152512 cbs
ds4: gpu busy accum 91505.9 ms over 152576 cbs
ds4: gpu busy accum 91528.2 ms over 152640 cbs
ds4: gpu busy accum 91551.6 ms over 152704 cbs
ds4: gpu busy accum 91575.5 ms over 152768 cbs
ds4: gpu busy accum 91598.2 ms over 152832 cbs
ds4: gpu busy accum 91621.8 ms over 152896 cbs
ds4: gpu busy accum 91643.8 ms over 152960 cbs
ds4: gpu busy accum 91667.3 ms over 153024 cbs
ds4: gpu busy accum 91690.6 ms over 153088 cbs
ds4: gpu busy accum 91713.7 ms over 153152 cbs
ds4: gpu busy accum 91736.2 ms over 153216 cbs
ds4: gpu busy accum 91761.6 ms over 153280 cbs
ds4: gpu busy accum 91785.0 ms over 153344 cbs
ds4: gpu busy accum 91807.6 ms over 153408 cbs
ds4: gpu busy accum 91831.5 ms over 153472 cbs
ds4: gpu busy accum 91853.4 ms over 153536 cbs
ds4: gpu busy accum 91876.6 ms over 153600 cbs
ds4: gpu busy accum 91899.6 ms over 153664 cbs
ds4: gpu busy accum 91922.3 ms over 153728 cbs
ds4: gpu busy accum 91944.7 ms over 153792 cbs
ds4: gpu busy accum 91968.3 ms over 153856 cbs
ds4: gpu busy accum 91991.7 ms over 153920 cbs
ds4: gpu busy accum 92015.1 ms over 153984 cbs
ds4: gpu busy accum 92039.7 ms over 154048 cbs
ds4: gpu busy accum 92061.8 ms over 154112 cbs
ds4: gpu busy accum 92085.5 ms over 154176 cbs
ds4: gpu busy accum 92109.0 ms over 154240 cbs
ds4: gpu busy accum 92132.0 ms over 154304 cbs
ds4: gpu busy accum 92155.8 ms over 154368 cbs
ds4: gpu busy accum 92178.1 ms over 154432 cbs
ds4: gpu busy accum 92201.5 ms over 154496 cbs
ds4: gpu busy accum 92224.2 ms over 154560 cbs
ds4: gpu busy accum 92248.3 ms over 154624 cbs
ds4: gpu busy accum 92270.2 ms over 154688 cbs
ds4: gpu busy accum 92293.6 ms over 154752 cbs
ds4: gpu busy accum 92317.1 ms over 154816 cbs
ds4: gpu busy accum 92340.0 ms over 154880 cbs
ds4: gpu busy accum 92363.5 ms over 154944 cbs
ds4: gpu busy accum 92385.8 ms over 155008 cbs
ds4: gpu busy accum 92409.9 ms over 155072 cbs
ds4: gpu busy accum 92432.8 ms over 155136 cbs
ds4: gpu busy accum 92456.3 ms over 155200 cbs
ds4: gpu busy accum 92478.9 ms over 155264 cbs
ds4: gpu busy accum 92502.4 ms over 155328 cbs
ds4: gpu busy accum 92525.7 ms over 155392 cbs
ds4: gpu busy accum 92548.8 ms over 155456 cbs
ds4: gpu busy accum 92572.8 ms over 155520 cbs
ds4: gpu busy accum 92594.8 ms over 155584 cbs
ds4: gpu busy accum 92618.3 ms over 155648 cbs
ds4: gpu busy accum 92641.9 ms over 155712 cbs
ds4: gpu busy accum 92664.7 ms over 155776 cbs
ds4: gpu busy accum 92688.0 ms over 155840 cbs
ds4: gpu busy accum 92711.6 ms over 155904 cbs
ds4: gpu busy accum 92735.0 ms over 155968 cbs
ds4: gpu busy accum 92758.0 ms over 156032 cbs
ds4: gpu busy accum 92782.1 ms over 156096 cbs
ds4: gpu busy accum 92804.4 ms over 156160 cbs
ds4: gpu busy accum 92827.9 ms over 156224 cbs
ds4: gpu busy accum 92851.7 ms over 156288 cbs
ds4: gpu busy accum 92874.8 ms over 156352 cbs
ds4: gpu busy accum 92897.7 ms over 156416 cbs
ds4: gpu busy accum 92921.5 ms over 156480 cbs
ds4: gpu busy accum 92945.2 ms over 156544 cbs
ds4: gpu busy accum 92968.6 ms over 156608 cbs
ds4: gpu busy accum 92993.5 ms over 156672 cbs
ds4: gpu busy accum 93016.1 ms over 156736 cbs
ds4: gpu busy accum 93040.4 ms over 156800 cbs
ds4: gpu busy accum 93064.6 ms over 156864 cbs
ds4: gpu busy accum 93088.5 ms over 156928 cbs
ds4: gpu busy accum 93113.5 ms over 156992 cbs
ds4: gpu busy accum 93136.5 ms over 157056 cbs
ds4: gpu busy accum 93161.3 ms over 157120 cbs
ds4: gpu busy accum 93185.3 ms over 157184 cbs
ds4: gpu busy accum 93210.5 ms over 157248 cbs
ds4: gpu busy accum 93233.4 ms over 157312 cbs
ds4: gpu busy accum 93258.1 ms over 157376 cbs
ds4: gpu busy accum 93281.9 ms over 157440 cbs
ds4: gpu busy accum 93305.4 ms over 157504 cbs
ds4: gpu busy accum 93329.5 ms over 157568 cbs
ds4: gpu busy accum 93352.2 ms over 157632 cbs
ds4: gpu busy accum 93376.0 ms over 157696 cbs
ds4: gpu busy accum 93399.1 ms over 157760 cbs
ds4: gpu busy accum 93423.8 ms over 157824 cbs
ds4: gpu busy accum 93447.2 ms over 157888 cbs
ds4: gpu busy accum 93471.2 ms over 157952 cbs
ds4: gpu busy accum 93495.6 ms over 158016 cbs
ds4: gpu busy accum 93520.1 ms over 158080 cbs
ds4: gpu busy accum 93544.8 ms over 158144 cbs
ds4: gpu busy accum 93568.1 ms over 158208 cbs
ds4: gpu busy accum 93592.5 ms over 158272 cbs
ds4: gpu busy accum 93616.8 ms over 158336 cbs
ds4: gpu busy accum 93640.9 ms over 158400 cbs
ds4: gpu busy accum 93664.9 ms over 158464 cbs
ds4: gpu busy accum 93689.8 ms over 158528 cbs
ds4: gpu busy accum 93714.6 ms over 158592 cbs
ds4: gpu busy accum 93738.4 ms over 158656 cbs
ds4: gpu busy accum 93764.0 ms over 158720 cbs
ds4: gpu busy accum 93787.0 ms over 158784 cbs
ds4: gpu busy accum 93811.5 ms over 158848 cbs
ds4: gpu busy accum 93836.3 ms over 158912 cbs
ds4: gpu busy accum 93860.2 ms over 158976 cbs
ds4: gpu busy accum 93884.4 ms over 159040 cbs
ds4: gpu busy accum 93909.3 ms over 159104 cbs
ds4: gpu busy accum 93934.1 ms over 159168 cbs
ds4: gpu busy accum 93958.3 ms over 159232 cbs
ds4: gpu busy accum 93983.9 ms over 159296 cbs
ds4: gpu busy accum 94007.1 ms over 159360 cbs
ds4: gpu busy accum 94032.6 ms over 159424 cbs
ds4: gpu busy accum 94056.8 ms over 159488 cbs
ds4: gpu busy accum 94081.5 ms over 159552 cbs
ds4: gpu busy accum 94106.7 ms over 159616 cbs
ds4: gpu busy accum 94130.2 ms over 159680 cbs
ds4: gpu busy accum 94154.2 ms over 159744 cbs
ds4: gpu busy accum 94178.2 ms over 159808 cbs
ds4: gpu busy accum 94203.9 ms over 159872 cbs
ds4: gpu busy accum 94227.7 ms over 159936 cbs
ds4: gpu busy accum 94252.4 ms over 160000 cbs
ds4: gpu busy accum 94277.4 ms over 160064 cbs
ds4: gpu busy accum 94301.9 ms over 160128 cbs
ds4: gpu busy accum 94327.1 ms over 160192 cbs
ds4: gpu busy accum 94350.6 ms over 160256 cbs
ds4: gpu busy accum 94374.8 ms over 160320 cbs
ds4: gpu busy accum 94398.8 ms over 160384 cbs
ds4: gpu busy accum 94423.5 ms over 160448 cbs
ds4: gpu busy accum 94447.6 ms over 160512 cbs
ds4: gpu busy accum 94472.6 ms over 160576 cbs
ds4: gpu busy accum 94497.8 ms over 160640 cbs
ds4: gpu busy accum 94523.2 ms over 160704 cbs
ds4: gpu busy accum 94548.7 ms over 160768 cbs
ds4: gpu busy accum 94572.0 ms over 160832 cbs
ds4: gpu busy accum 94596.5 ms over 160896 cbs
ds4: gpu busy accum 94621.2 ms over 160960 cbs
ds4: gpu busy accum 94645.8 ms over 161024 cbs
ds4: gpu busy accum 94669.6 ms over 161088 cbs
ds4: gpu busy accum 94694.0 ms over 161152 cbs
ds4: gpu busy accum 94718.2 ms over 161216 cbs
ds4: gpu busy accum 94742.7 ms over 161280 cbs
ds4: gpu busy accum 94768.0 ms over 161344 cbs
ds4: gpu busy accum 94791.7 ms over 161408 cbs
ds4: gpu busy accum 94816.7 ms over 161472 cbs
ds4: gpu busy accum 94841.7 ms over 161536 cbs
ds4: gpu busy accum 94865.5 ms over 161600 cbs
ds4: gpu busy accum 94889.8 ms over 161664 cbs
ds4: gpu busy accum 94914.9 ms over 161728 cbs
ds4: gpu busy accum 94940.2 ms over 161792 cbs
ds4: gpu busy accum 94963.6 ms over 161856 cbs
ds4: gpu busy accum 94989.5 ms over 161920 cbs
ds4: gpu busy accum 95012.8 ms over 161984 cbs
ds4: gpu busy accum 95037.3 ms over 162048 cbs
ds4: gpu busy accum 95062.3 ms over 162112 cbs
ds4: gpu busy accum 95086.6 ms over 162176 cbs
ds4: gpu busy accum 95111.2 ms over 162240 cbs
ds4: gpu busy accum 95134.6 ms over 162304 cbs
ds4: gpu busy accum 95160.0 ms over 162368 cbs
ds4: gpu busy accum 95183.9 ms over 162432 cbs
ds4: gpu busy accum 95209.7 ms over 162496 cbs
ds4: gpu busy accum 95233.5 ms over 162560 cbs
ds4: gpu busy accum 95258.6 ms over 162624 cbs
ds4: gpu busy accum 95282.8 ms over 162688 cbs
ds4: gpu busy accum 95307.3 ms over 162752 cbs
ds4: gpu busy accum 95332.5 ms over 162816 cbs
ds4: gpu busy accum 95356.9 ms over 162880 cbs
ds4: gpu busy accum 95381.2 ms over 162944 cbs
ds4: gpu busy accum 95405.5 ms over 163008 cbs
ds4: gpu busy accum 95430.9 ms over 163072 cbs
ds4: gpu busy accum 95455.1 ms over 163136 cbs
ds4: gpu busy accum 95479.9 ms over 163200 cbs
ds4: gpu busy accum 95504.3 ms over 163264 cbs
ds4: gpu busy accum 95529.2 ms over 163328 cbs
ds4: gpu busy accum 95554.9 ms over 163392 cbs
ds4: gpu busy accum 95578.6 ms over 163456 cbs
ds4: gpu busy accum 95602.9 ms over 163520 cbs
ds4: gpu busy accum 95628.3 ms over 163584 cbs
ds4: gpu busy accum 95653.2 ms over 163648 cbs
ds4: gpu busy accum 95678.0 ms over 163712 cbs
ds4: gpu busy accum 95702.9 ms over 163776 cbs
ds4: gpu busy accum 95727.4 ms over 163840 cbs
ds4: gpu busy accum 95751.3 ms over 163904 cbs
ds4: gpu busy accum 95777.0 ms over 163968 cbs
ds4: gpu busy accum 95799.8 ms over 164032 cbs
ds4: gpu busy accum 95824.5 ms over 164096 cbs
ds4: gpu busy accum 95848.9 ms over 164160 cbs
ds4: gpu busy accum 95873.4 ms over 164224 cbs
ds4: gpu busy accum 95896.8 ms over 164288 cbs
ds4: gpu busy accum 95921.3 ms over 164352 cbs
ds4: gpu busy accum 95945.4 ms over 164416 cbs
ds4: gpu busy accum 95969.6 ms over 164480 cbs
ds4: gpu busy accum 95994.9 ms over 164544 cbs
ds4: gpu busy accum 96017.4 ms over 164608 cbs
ds4: gpu busy accum 96042.3 ms over 164672 cbs
ds4: gpu busy accum 96066.5 ms over 164736 cbs
ds4: gpu busy accum 96090.1 ms over 164800 cbs
ds4: gpu busy accum 96114.6 ms over 164864 cbs
ds4: gpu busy accum 96137.6 ms over 164928 cbs
ds4: gpu busy accum 96162.0 ms over 164992 cbs
ds4: gpu busy accum 96185.5 ms over 165056 cbs
ds4: gpu busy accum 96210.4 ms over 165120 cbs
ds4: gpu busy accum 96233.2 ms over 165184 cbs
ds4: gpu busy accum 96257.7 ms over 165248 cbs
ds4: gpu busy accum 96282.1 ms over 165312 cbs
ds4: gpu busy accum 96306.3 ms over 165376 cbs
ds4: gpu busy accum 96330.4 ms over 165440 cbs
ds4: gpu busy accum 96353.7 ms over 165504 cbs
ds4: gpu busy accum 96378.6 ms over 165568 cbs
ds4: gpu busy accum 96402.8 ms over 165632 cbs
ds4: gpu busy accum 96427.5 ms over 165696 cbs
ds4: gpu busy accum 96451.0 ms over 165760 cbs
ds4: gpu busy accum 96475.9 ms over 165824 cbs
ds4: gpu busy accum 96501.1 ms over 165888 cbs
ds4: gpu busy accum 96525.6 ms over 165952 cbs
ds4: gpu busy accum 96550.6 ms over 166016 cbs
ds4: gpu busy accum 96574.1 ms over 166080 cbs
ds4: gpu busy accum 96598.5 ms over 166144 cbs
ds4: gpu busy accum 96622.8 ms over 166208 cbs
ds4: gpu busy accum 96646.5 ms over 166272 cbs
ds4: gpu busy accum 96670.1 ms over 166336 cbs
ds4: gpu busy accum 96694.7 ms over 166400 cbs
ds4: gpu busy accum 96719.3 ms over 166464 cbs
ds4: gpu busy accum 96743.3 ms over 166528 cbs
ds4: gpu busy accum 96768.8 ms over 166592 cbs
ds4: gpu busy accum 96791.7 ms over 166656 cbs
ds4: gpu busy accum 96816.3 ms over 166720 cbs
ds4: gpu busy accum 96841.2 ms over 166784 cbs
ds4: gpu busy accum 96865.8 ms over 166848 cbs
ds4: gpu busy accum 96890.1 ms over 166912 cbs
ds4: gpu busy accum 96915.3 ms over 166976 cbs
ds4: gpu busy accum 96940.5 ms over 167040 cbs
ds4: gpu busy accum 96965.3 ms over 167104 cbs
ds4: gpu busy accum 96991.9 ms over 167168 cbs
ds4: gpu busy accum 97016.3 ms over 167232 cbs
ds4: gpu busy accum 97041.8 ms over 167296 cbs
ds4: gpu busy accum 97067.4 ms over 167360 cbs
ds4: gpu busy accum 97092.4 ms over 167424 cbs
ds4: gpu busy accum 97118.3 ms over 167488 cbs
ds4: gpu busy accum 97142.7 ms over 167552 cbs
ds4: gpu busy accum 97168.5 ms over 167616 cbs
ds4: gpu busy accum 97193.6 ms over 167680 cbs
ds4: gpu busy accum 97220.1 ms over 167744 cbs
ds4: gpu busy accum 97244.4 ms over 167808 cbs
ds4: gpu busy accum 97270.3 ms over 167872 cbs
ds4: gpu busy accum 97296.6 ms over 167936 cbs
ds4: gpu busy accum 97321.9 ms over 168000 cbs
ds4: gpu busy accum 97347.7 ms over 168064 cbs
ds4: gpu busy accum 97371.8 ms over 168128 cbs
ds4: gpu busy accum 97396.8 ms over 168192 cbs
ds4: gpu busy accum 97421.3 ms over 168256 cbs
ds4: gpu busy accum 97446.5 ms over 168320 cbs
ds4: gpu busy accum 97470.5 ms over 168384 cbs
ds4: gpu busy accum 97495.5 ms over 168448 cbs
ds4: gpu busy accum 97520.4 ms over 168512 cbs
ds4: gpu busy accum 97545.2 ms over 168576 cbs
ds4: gpu busy accum 97571.3 ms over 168640 cbs
ds4: gpu busy accum 97595.2 ms over 168704 cbs
ds4: gpu busy accum 97620.1 ms over 168768 cbs
ds4: gpu busy accum 104003.5 ms over 168832 cbs
ds4: gpu busy accum 116224.2 ms over 168896 cbs
ds4: gpu busy accum 119893.1 ms over 168960 cbs
ds4: gpu busy accum 121694.6 ms over 169024 cbs
ds4: gpu busy accum 121799.7 ms over 169088 cbs
ds4: gpu busy accum 121822.3 ms over 169152 cbs
ds4: gpu busy accum 121846.4 ms over 169216 cbs
ds4: gpu busy accum 121870.2 ms over 169280 cbs
ds4: gpu busy accum 121893.4 ms over 169344 cbs
ds4: gpu busy accum 121917.4 ms over 169408 cbs
ds4: gpu busy accum 121940.1 ms over 169472 cbs
ds4: gpu busy accum 121963.6 ms over 169536 cbs
ds4: gpu busy accum 121986.8 ms over 169600 cbs
ds4: gpu busy accum 122010.9 ms over 169664 cbs
ds4: gpu busy accum 122033.3 ms over 169728 cbs
ds4: gpu busy accum 122057.6 ms over 169792 cbs
ds4: gpu busy accum 122081.2 ms over 169856 cbs
ds4: gpu busy accum 122104.6 ms over 169920 cbs
ds4: gpu busy accum 122128.5 ms over 169984 cbs
ds4: gpu busy accum 122151.5 ms over 170048 cbs
ds4: gpu busy accum 122175.6 ms over 170112 cbs
ds4: gpu busy accum 122198.9 ms over 170176 cbs
ds4: gpu busy accum 122223.2 ms over 170240 cbs
ds4: gpu busy accum 122246.5 ms over 170304 cbs
ds4: gpu busy accum 122270.2 ms over 170368 cbs
ds4: gpu busy accum 122294.1 ms over 170432 cbs
ds4: gpu busy accum 122317.5 ms over 170496 cbs
ds4: gpu busy accum 122341.5 ms over 170560 cbs
ds4: gpu busy accum 122364.2 ms over 170624 cbs
ds4: gpu busy accum 122388.1 ms over 170688 cbs
ds4: gpu busy accum 122411.5 ms over 170752 cbs
ds4: gpu busy accum 122436.5 ms over 170816 cbs
ds4: gpu busy accum 122459.9 ms over 170880 cbs
ds4: gpu busy accum 122484.1 ms over 170944 cbs
ds4: gpu busy accum 122509.0 ms over 171008 cbs
ds4: gpu busy accum 122533.2 ms over 171072 cbs
ds4: gpu busy accum 122557.0 ms over 171136 cbs
ds4: gpu busy accum 122580.4 ms over 171200 cbs
ds4: gpu busy accum 122604.2 ms over 171264 cbs
ds4: gpu busy accum 122628.3 ms over 171328 cbs
ds4: gpu busy accum 122652.0 ms over 171392 cbs
ds4: gpu busy accum 122675.2 ms over 171456 cbs
ds4: gpu busy accum 122699.5 ms over 171520 cbs
ds4: gpu busy accum 122722.9 ms over 171584 cbs
ds4: gpu busy accum 122746.3 ms over 171648 cbs
ds4: gpu busy accum 122770.9 ms over 171712 cbs
ds4: gpu busy accum 122793.7 ms over 171776 cbs
ds4: gpu busy accum 122817.6 ms over 171840 cbs
ds4: gpu busy accum 122841.6 ms over 171904 cbs
ds4: gpu busy accum 122865.0 ms over 171968 cbs
ds4: gpu busy accum 122888.5 ms over 172032 cbs
ds4: gpu busy accum 122912.6 ms over 172096 cbs
ds4: gpu busy accum 122936.2 ms over 172160 cbs
ds4: gpu busy accum 122959.9 ms over 172224 cbs
ds4: gpu busy accum 122985.2 ms over 172288 cbs
ds4: gpu busy accum 123007.9 ms over 172352 cbs
ds4: gpu busy accum 123032.1 ms over 172416 cbs
ds4: gpu busy accum 123056.4 ms over 172480 cbs
ds4: gpu busy accum 123079.9 ms over 172544 cbs
ds4: gpu busy accum 123102.9 ms over 172608 cbs
ds4: gpu busy accum 123127.0 ms over 172672 cbs
ds4: gpu busy accum 123151.4 ms over 172736 cbs
ds4: gpu busy accum 123174.8 ms over 172800 cbs
ds4: gpu busy accum 123200.0 ms over 172864 cbs
ds4: gpu busy accum 123222.5 ms over 172928 cbs
ds4: gpu busy accum 123246.4 ms over 172992 cbs
ds4: gpu busy accum 123271.1 ms over 173056 cbs
ds4: gpu busy accum 123294.4 ms over 173120 cbs
ds4: gpu busy accum 123318.6 ms over 173184 cbs
ds4: gpu busy accum 123341.6 ms over 173248 cbs
ds4: gpu busy accum 123365.3 ms over 173312 cbs
ds4: gpu busy accum 123389.3 ms over 173376 cbs
ds4: gpu busy accum 123414.6 ms over 173440 cbs
ds4: gpu busy accum 123437.6 ms over 173504 cbs
ds4: gpu busy accum 123461.8 ms over 173568 cbs
ds4: gpu busy accum 123486.2 ms over 173632 cbs
ds4: gpu busy accum 123510.3 ms over 173696 cbs
ds4: gpu busy accum 123534.6 ms over 173760 cbs
ds4: gpu busy accum 123557.5 ms over 173824 cbs
ds4: gpu busy accum 123581.4 ms over 173888 cbs
ds4: gpu busy accum 123604.7 ms over 173952 cbs
ds4: gpu busy accum 123628.9 ms over 174016 cbs
ds4: gpu busy accum 123651.9 ms over 174080 cbs
ds4: gpu busy accum 123675.8 ms over 174144 cbs
ds4: gpu busy accum 123700.4 ms over 174208 cbs
ds4: gpu busy accum 123723.9 ms over 174272 cbs
ds4: gpu busy accum 123748.6 ms over 174336 cbs
ds4: gpu busy accum 123771.3 ms over 174400 cbs
ds4: gpu busy accum 123795.5 ms over 174464 cbs
ds4: gpu busy accum 123819.7 ms over 174528 cbs
ds4: gpu busy accum 123843.6 ms over 174592 cbs
ds4: gpu busy accum 123866.6 ms over 174656 cbs
ds4: gpu busy accum 123890.7 ms over 174720 cbs
ds4: gpu busy accum 123914.2 ms over 174784 cbs
ds4: gpu busy accum 123938.0 ms over 174848 cbs
ds4: gpu busy accum 123963.0 ms over 174912 cbs
ds4: gpu busy accum 123985.3 ms over 174976 cbs
ds4: gpu busy accum 124009.5 ms over 175040 cbs
ds4: gpu busy accum 124034.4 ms over 175104 cbs
ds4: gpu busy accum 124058.1 ms over 175168 cbs
ds4: gpu busy accum 124081.3 ms over 175232 cbs
ds4: gpu busy accum 124105.7 ms over 175296 cbs
ds4: gpu busy accum 124130.9 ms over 175360 cbs
ds4: gpu busy accum 124154.8 ms over 175424 cbs
ds4: gpu busy accum 124180.5 ms over 175488 cbs
ds4: gpu busy accum 124203.5 ms over 175552 cbs
ds4: gpu busy accum 124228.6 ms over 175616 cbs
ds4: gpu busy accum 124253.3 ms over 175680 cbs
ds4: gpu busy accum 124276.7 ms over 175744 cbs
ds4: gpu busy accum 124299.9 ms over 175808 cbs
ds4: gpu busy accum 124324.6 ms over 175872 cbs
ds4: gpu busy accum 124349.0 ms over 175936 cbs
ds4: gpu busy accum 124372.3 ms over 176000 cbs
ds4: gpu busy accum 124397.0 ms over 176064 cbs
ds4: gpu busy accum 124419.7 ms over 176128 cbs
ds4: gpu busy accum 124444.3 ms over 176192 cbs
ds4: gpu busy accum 124468.7 ms over 176256 cbs
ds4: gpu busy accum 124491.7 ms over 176320 cbs
ds4: gpu busy accum 124514.6 ms over 176384 cbs
ds4: gpu busy accum 124538.2 ms over 176448 cbs
ds4: gpu busy accum 124562.1 ms over 176512 cbs
ds4: gpu busy accum 124586.1 ms over 176576 cbs
ds4: gpu busy accum 124610.8 ms over 176640 cbs
ds4: gpu busy accum 124633.7 ms over 176704 cbs
ds4: gpu busy accum 124657.9 ms over 176768 cbs
ds4: gpu busy accum 124682.1 ms over 176832 cbs
ds4: gpu busy accum 124705.9 ms over 176896 cbs
ds4: gpu busy accum 124728.9 ms over 176960 cbs
ds4: gpu busy accum 124753.4 ms over 177024 cbs
ds4: gpu busy accum 124778.5 ms over 177088 cbs
ds4: gpu busy accum 124801.8 ms over 177152 cbs
ds4: gpu busy accum 124826.0 ms over 177216 cbs
ds4: gpu busy accum 124848.5 ms over 177280 cbs
ds4: gpu busy accum 124872.9 ms over 177344 cbs
ds4: gpu busy accum 124896.7 ms over 177408 cbs
ds4: gpu busy accum 124920.1 ms over 177472 cbs
ds4: gpu busy accum 124943.2 ms over 177536 cbs
ds4: gpu busy accum 124967.2 ms over 177600 cbs
ds4: gpu busy accum 124991.1 ms over 177664 cbs
ds4: gpu busy accum 125014.3 ms over 177728 cbs
ds4: gpu busy accum 125038.7 ms over 177792 cbs
ds4: gpu busy accum 125061.7 ms over 177856 cbs
ds4: gpu busy accum 125085.7 ms over 177920 cbs
ds4: gpu busy accum 125109.7 ms over 177984 cbs
ds4: gpu busy accum 125133.5 ms over 178048 cbs
ds4: gpu busy accum 125156.5 ms over 178112 cbs
ds4: gpu busy accum 125180.6 ms over 178176 cbs
ds4: gpu busy accum 125205.0 ms over 178240 cbs
ds4: gpu busy accum 125228.9 ms over 178304 cbs
ds4: gpu busy accum 125253.3 ms over 178368 cbs
ds4: gpu busy accum 125275.9 ms over 178432 cbs
ds4: gpu busy accum 125300.2 ms over 178496 cbs
ds4: gpu busy accum 125324.2 ms over 178560 cbs
ds4: gpu busy accum 125347.9 ms over 178624 cbs
ds4: gpu busy accum 125371.9 ms over 178688 cbs
ds4: gpu busy accum 125394.8 ms over 178752 cbs
ds4: gpu busy accum 125419.3 ms over 178816 cbs
ds4: gpu busy accum 125442.9 ms over 178880 cbs
ds4: gpu busy accum 125467.3 ms over 178944 cbs
ds4: gpu busy accum 125490.3 ms over 179008 cbs
ds4: gpu busy accum 125514.0 ms over 179072 cbs
ds4: gpu busy accum 125538.1 ms over 179136 cbs
ds4: gpu busy accum 125561.9 ms over 179200 cbs
ds4: gpu busy accum 125586.7 ms over 179264 cbs
ds4: gpu busy accum 125609.9 ms over 179328 cbs
ds4: gpu busy accum 125633.8 ms over 179392 cbs
ds4: gpu busy accum 125657.6 ms over 179456 cbs
ds4: gpu busy accum 125682.4 ms over 179520 cbs
ds4: gpu busy accum 125704.8 ms over 179584 cbs
ds4: gpu busy accum 125729.2 ms over 179648 cbs
ds4: gpu busy accum 125753.8 ms over 179712 cbs
ds4: gpu busy accum 125778.1 ms over 179776 cbs
ds4: gpu busy accum 125802.8 ms over 179840 cbs
ds4: gpu busy accum 125825.8 ms over 179904 cbs
ds4: gpu busy accum 125850.4 ms over 179968 cbs
ds4: gpu busy accum 125874.2 ms over 180032 cbs
ds4: gpu busy accum 125898.6 ms over 180096 cbs
ds4: gpu busy accum 125921.8 ms over 180160 cbs
ds4: gpu busy accum 125946.3 ms over 180224 cbs
ds4: gpu busy accum 125970.7 ms over 180288 cbs
ds4: gpu busy accum 125994.4 ms over 180352 cbs
ds4: gpu busy accum 126019.2 ms over 180416 cbs
ds4: gpu busy accum 126041.9 ms over 180480 cbs
ds4: gpu busy accum 126065.9 ms over 180544 cbs
ds4: gpu busy accum 126090.1 ms over 180608 cbs
ds4: gpu busy accum 126113.9 ms over 180672 cbs
ds4: gpu busy accum 126136.8 ms over 180736 cbs
ds4: gpu busy accum 126161.4 ms over 180800 cbs
ds4: gpu busy accum 126185.0 ms over 180864 cbs
ds4: gpu busy accum 126208.4 ms over 180928 cbs
ds4: gpu busy accum 126232.8 ms over 180992 cbs
ds4: gpu busy accum 126255.0 ms over 181056 cbs
ds4: gpu busy accum 126278.8 ms over 181120 cbs
ds4: gpu busy accum 126302.4 ms over 181184 cbs
ds4: gpu busy accum 126325.1 ms over 181248 cbs
ds4: gpu busy accum 126348.2 ms over 181312 cbs
ds4: gpu busy accum 126371.9 ms over 181376 cbs
ds4: gpu busy accum 126395.5 ms over 181440 cbs
ds4: gpu busy accum 126419.0 ms over 181504 cbs
ds4: gpu busy accum 126443.8 ms over 181568 cbs
ds4: gpu busy accum 126466.2 ms over 181632 cbs
ds4: gpu busy accum 126489.8 ms over 181696 cbs
ds4: gpu busy accum 126513.6 ms over 181760 cbs
ds4: gpu busy accum 126537.1 ms over 181824 cbs
ds4: gpu busy accum 126560.2 ms over 181888 cbs
ds4: gpu busy accum 126584.3 ms over 181952 cbs
ds4: gpu busy accum 126608.4 ms over 182016 cbs
ds4: gpu busy accum 126632.0 ms over 182080 cbs
ds4: gpu busy accum 126656.5 ms over 182144 cbs
ds4: gpu busy accum 126679.3 ms over 182208 cbs
ds4: gpu busy accum 126703.5 ms over 182272 cbs
ds4: gpu busy accum 126727.6 ms over 182336 cbs
ds4: gpu busy accum 126751.3 ms over 182400 cbs
ds4: gpu busy accum 126774.6 ms over 182464 cbs
ds4: gpu busy accum 126798.9 ms over 182528 cbs
ds4: gpu busy accum 126823.3 ms over 182592 cbs
ds4: gpu busy accum 126846.9 ms over 182656 cbs
ds4: gpu busy accum 126871.8 ms over 182720 cbs
ds4: gpu busy accum 126894.9 ms over 182784 cbs
ds4: gpu busy accum 126919.1 ms over 182848 cbs
ds4: gpu busy accum 126943.5 ms over 182912 cbs
ds4: gpu busy accum 126967.5 ms over 182976 cbs
ds4: gpu busy accum 126992.2 ms over 183040 cbs
ds4: gpu busy accum 127015.4 ms over 183104 cbs
ds4: gpu busy accum 127039.9 ms over 183168 cbs
ds4: gpu busy accum 127063.7 ms over 183232 cbs
ds4: gpu busy accum 127088.4 ms over 183296 cbs
ds4: gpu busy accum 127112.0 ms over 183360 cbs
ds4: gpu busy accum 127135.8 ms over 183424 cbs
ds4: gpu busy accum 127160.4 ms over 183488 cbs
ds4: gpu busy accum 127184.0 ms over 183552 cbs
ds4: gpu busy accum 127207.4 ms over 183616 cbs
ds4: gpu busy accum 127232.4 ms over 183680 cbs
ds4: gpu busy accum 127256.7 ms over 183744 cbs
ds4: gpu busy accum 127280.9 ms over 183808 cbs
ds4: gpu busy accum 127304.5 ms over 183872 cbs
ds4: gpu busy accum 127327.8 ms over 183936 cbs
ds4: gpu busy accum 127351.9 ms over 184000 cbs
ds4: gpu busy accum 127375.9 ms over 184064 cbs
ds4: gpu busy accum 127399.9 ms over 184128 cbs
ds4: gpu busy accum 127425.1 ms over 184192 cbs
ds4: gpu busy accum 127449.3 ms over 184256 cbs
ds4: gpu busy accum 127474.7 ms over 184320 cbs
ds4: gpu busy accum 127499.6 ms over 184384 cbs
ds4: gpu busy accum 127524.5 ms over 184448 cbs
ds4: gpu busy accum 127548.3 ms over 184512 cbs
ds4: gpu busy accum 127573.5 ms over 184576 cbs
ds4: gpu busy accum 127598.7 ms over 184640 cbs
ds4: gpu busy accum 127622.9 ms over 184704 cbs
ds4: gpu busy accum 127648.1 ms over 184768 cbs
ds4: gpu busy accum 127671.4 ms over 184832 cbs
ds4: gpu busy accum 127696.1 ms over 184896 cbs
ds4: gpu busy accum 127720.7 ms over 184960 cbs
ds4: gpu busy accum 127744.6 ms over 185024 cbs
ds4: gpu busy accum 127768.5 ms over 185088 cbs
ds4: gpu busy accum 127793.0 ms over 185152 cbs
ds4: gpu busy accum 127818.0 ms over 185216 cbs
ds4: gpu busy accum 127841.7 ms over 185280 cbs
ds4: gpu busy accum 127867.1 ms over 185344 cbs
ds4: gpu busy accum 127890.2 ms over 185408 cbs
ds4: gpu busy accum 127914.7 ms over 185472 cbs
ds4: gpu busy accum 127939.3 ms over 185536 cbs
ds4: gpu busy accum 127963.9 ms over 185600 cbs
ds4: gpu busy accum 127988.0 ms over 185664 cbs
ds4: gpu busy accum 128013.0 ms over 185728 cbs
ds4: gpu busy accum 128037.5 ms over 185792 cbs
ds4: gpu busy accum 128062.1 ms over 185856 cbs
ds4: gpu busy accum 128087.7 ms over 185920 cbs
ds4: gpu busy accum 128111.1 ms over 185984 cbs
ds4: gpu busy accum 128136.0 ms over 186048 cbs
ds4: gpu busy accum 128161.3 ms over 186112 cbs
ds4: gpu busy accum 128186.7 ms over 186176 cbs
ds4: gpu busy accum 128211.5 ms over 186240 cbs
ds4: gpu busy accum 128235.1 ms over 186304 cbs
ds4: gpu busy accum 128260.0 ms over 186368 cbs
ds4: gpu busy accum 128284.8 ms over 186432 cbs
ds4: gpu busy accum 128310.3 ms over 186496 cbs
ds4: gpu busy accum 128334.4 ms over 186560 cbs
ds4: gpu busy accum 128359.6 ms over 186624 cbs
ds4: gpu busy accum 128384.9 ms over 186688 cbs
ds4: gpu busy accum 128408.6 ms over 186752 cbs
ds4: gpu busy accum 128433.7 ms over 186816 cbs
ds4: gpu busy accum 128457.4 ms over 186880 cbs
ds4: gpu busy accum 128482.1 ms over 186944 cbs
ds4: gpu busy accum 128507.5 ms over 187008 cbs
ds4: gpu busy accum 128533.0 ms over 187072 cbs
ds4: gpu busy accum 128557.5 ms over 187136 cbs
ds4: gpu busy accum 128582.5 ms over 187200 cbs
ds4: gpu busy accum 128607.3 ms over 187264 cbs
ds4: gpu busy accum 128632.0 ms over 187328 cbs
ds4: gpu busy accum 128657.6 ms over 187392 cbs
ds4: gpu busy accum 128681.2 ms over 187456 cbs
ds4: gpu busy accum 128706.2 ms over 187520 cbs
ds4: gpu busy accum 128731.4 ms over 187584 cbs
ds4: gpu busy accum 128755.7 ms over 187648 cbs
ds4: gpu busy accum 128779.7 ms over 187712 cbs
ds4: gpu busy accum 128804.5 ms over 187776 cbs
ds4: gpu busy accum 128829.4 ms over 187840 cbs
ds4: gpu busy accum 128853.8 ms over 187904 cbs
ds4: gpu busy accum 128879.4 ms over 187968 cbs
ds4: gpu busy accum 128903.0 ms over 188032 cbs
ds4: gpu busy accum 128927.8 ms over 188096 cbs
ds4: gpu busy accum 128952.7 ms over 188160 cbs
ds4: gpu busy accum 128977.7 ms over 188224 cbs
ds4: gpu busy accum 129001.8 ms over 188288 cbs
ds4: gpu busy accum 129026.7 ms over 188352 cbs
ds4: gpu busy accum 129051.8 ms over 188416 cbs
ds4: gpu busy accum 129076.5 ms over 188480 cbs
ds4: gpu busy accum 129102.3 ms over 188544 cbs
ds4: gpu busy accum 129125.9 ms over 188608 cbs
ds4: gpu busy accum 129150.9 ms over 188672 cbs
ds4: gpu busy accum 129176.0 ms over 188736 cbs
ds4: gpu busy accum 129200.6 ms over 188800 cbs
ds4: gpu busy accum 129226.7 ms over 188864 cbs
ds4: gpu busy accum 129250.5 ms over 188928 cbs
ds4: gpu busy accum 129275.7 ms over 188992 cbs
ds4: gpu busy accum 129300.0 ms over 189056 cbs
ds4: gpu busy accum 129326.3 ms over 189120 cbs
ds4: gpu busy accum 129349.8 ms over 189184 cbs
ds4: gpu busy accum 129375.3 ms over 189248 cbs
ds4: gpu busy accum 129400.2 ms over 189312 cbs
ds4: gpu busy accum 129425.1 ms over 189376 cbs
ds4: gpu busy accum 129450.4 ms over 189440 cbs
ds4: gpu busy accum 129474.6 ms over 189504 cbs
ds4: gpu busy accum 129499.9 ms over 189568 cbs
ds4: gpu busy accum 129524.7 ms over 189632 cbs
ds4: gpu busy accum 129550.6 ms over 189696 cbs
ds4: gpu busy accum 129575.6 ms over 189760 cbs
ds4: gpu busy accum 129601.2 ms over 189824 cbs
ds4: gpu busy accum 129626.8 ms over 189888 cbs
ds4: gpu busy accum 129651.5 ms over 189952 cbs
ds4: gpu busy accum 129677.0 ms over 190016 cbs
ds4: gpu busy accum 129701.0 ms over 190080 cbs
ds4: gpu busy accum 129726.2 ms over 190144 cbs
ds4: gpu busy accum 129751.6 ms over 190208 cbs
ds4: gpu busy accum 129776.0 ms over 190272 cbs
ds4: gpu busy accum 129800.6 ms over 190336 cbs
ds4: gpu busy accum 129826.0 ms over 190400 cbs
ds4: gpu busy accum 129850.9 ms over 190464 cbs
ds4: gpu busy accum 129875.7 ms over 190528 cbs
ds4: gpu busy accum 129901.7 ms over 190592 cbs
ds4: gpu busy accum 129925.2 ms over 190656 cbs
ds4: gpu busy accum 129950.0 ms over 190720 cbs
ds4: gpu busy accum 129975.1 ms over 190784 cbs
ds4: gpu busy accum 129999.5 ms over 190848 cbs
ds4: gpu busy accum 130023.7 ms over 190912 cbs
ds4: gpu busy accum 130048.4 ms over 190976 cbs
ds4: gpu busy accum 130073.9 ms over 191040 cbs
ds4: gpu busy accum 130098.1 ms over 191104 cbs
ds4: gpu busy accum 130123.6 ms over 191168 cbs
ds4: gpu busy accum 130147.0 ms over 191232 cbs
ds4: gpu busy accum 130171.7 ms over 191296 cbs
ds4: gpu busy accum 130196.1 ms over 191360 cbs
ds4: gpu busy accum 130220.3 ms over 191424 cbs
ds4: gpu busy accum 130244.2 ms over 191488 cbs
ds4: gpu busy accum 130269.2 ms over 191552 cbs
ds4: gpu busy accum 130294.8 ms over 191616 cbs
ds4: gpu busy accum 130319.0 ms over 191680 cbs
ds4: gpu busy accum 130344.7 ms over 191744 cbs
ds4: gpu busy accum 130368.6 ms over 191808 cbs
ds4: gpu busy accum 130393.6 ms over 191872 cbs
ds4: gpu busy accum 130418.5 ms over 191936 cbs
ds4: gpu busy accum 130443.0 ms over 192000 cbs
ds4: gpu busy accum 130467.3 ms over 192064 cbs
ds4: gpu busy accum 130492.1 ms over 192128 cbs
ds4: gpu busy accum 130517.5 ms over 192192 cbs
ds4: gpu busy accum 130541.7 ms over 192256 cbs
ds4: gpu busy accum 130566.7 ms over 192320 cbs
ds4: gpu busy accum 130590.8 ms over 192384 cbs
ds4: gpu busy accum 130616.2 ms over 192448 cbs
ds4: gpu busy accum 130641.2 ms over 192512 cbs
ds4: gpu busy accum 130666.5 ms over 192576 cbs
ds4: gpu busy accum 130692.2 ms over 192640 cbs
ds4: gpu busy accum 130716.3 ms over 192704 cbs
ds4: gpu busy accum 130741.5 ms over 192768 cbs
ds4: gpu busy accum 130766.0 ms over 192832 cbs
ds4: gpu busy accum 130792.2 ms over 192896 cbs
ds4: gpu busy accum 130816.3 ms over 192960 cbs
ds4: gpu busy accum 130841.5 ms over 193024 cbs
ds4: gpu busy accum 130866.6 ms over 193088 cbs
ds4: gpu busy accum 130890.8 ms over 193152 cbs
ds4: gpu busy accum 130915.8 ms over 193216 cbs
ds4: gpu busy accum 130939.6 ms over 193280 cbs
ds4: gpu busy accum 130964.6 ms over 193344 cbs
ds4: gpu busy accum 130989.0 ms over 193408 cbs
ds4: gpu busy accum 131014.2 ms over 193472 cbs
ds4: gpu busy accum 131038.3 ms over 193536 cbs
ds4: gpu busy accum 131063.2 ms over 193600 cbs
ds4: gpu busy accum 131088.0 ms over 193664 cbs
ds4: gpu busy accum 131112.5 ms over 193728 cbs
ds4: gpu busy accum 131137.7 ms over 193792 cbs
ds4: gpu busy accum 131161.1 ms over 193856 cbs
ds4: gpu busy accum 131185.6 ms over 193920 cbs
ds4: gpu busy accum 131210.4 ms over 193984 cbs
ds4: gpu busy accum 131234.8 ms over 194048 cbs
ds4: gpu busy accum 131258.8 ms over 194112 cbs
ds4: gpu busy accum 131283.6 ms over 194176 cbs
ds4: gpu busy accum 131308.5 ms over 194240 cbs
ds4: gpu busy accum 131333.2 ms over 194304 cbs
ds4: gpu busy accum 131359.4 ms over 194368 cbs
ds4: gpu busy accum 131382.7 ms over 194432 cbs
ds4: gpu busy accum 131407.5 ms over 194496 cbs
ds4: gpu busy accum 131432.5 ms over 194560 cbs
ds4: gpu busy accum 131456.7 ms over 194624 cbs
ds4: gpu busy accum 131480.6 ms over 194688 cbs
ds4: gpu busy accum 131505.7 ms over 194752 cbs
ds4: gpu busy accum 131530.7 ms over 194816 cbs
ds4: gpu busy accum 131555.3 ms over 194880 cbs
ds4: gpu busy accum 131581.2 ms over 194944 cbs
ds4: gpu busy accum 131605.3 ms over 195008 cbs
ds4: gpu busy accum 131630.5 ms over 195072 cbs
ds4: gpu busy accum 131655.7 ms over 195136 cbs
ds4: gpu busy accum 131680.3 ms over 195200 cbs
ds4: gpu busy accum 131704.7 ms over 195264 cbs
ds4: gpu busy accum 131729.8 ms over 195328 cbs
ds4: gpu busy accum 131755.2 ms over 195392 cbs
ds4: gpu busy accum 131779.2 ms over 195456 cbs
ds4: gpu busy accum 131805.3 ms over 195520 cbs
ds4: gpu busy accum 131829.1 ms over 195584 cbs
ds4: gpu busy accum 131854.3 ms over 195648 cbs
ds4: gpu busy accum 131880.0 ms over 195712 cbs
ds4: gpu busy accum 131904.5 ms over 195776 cbs
ds4: gpu busy accum 131930.2 ms over 195840 cbs
ds4: gpu busy accum 131954.2 ms over 195904 cbs
ds4: gpu busy accum 131979.3 ms over 195968 cbs
ds4: gpu busy accum 132004.0 ms over 196032 cbs
ds4: gpu busy accum 132029.7 ms over 196096 cbs
ds4: gpu busy accum 132053.2 ms over 196160 cbs
ds4: gpu busy accum 132078.6 ms over 196224 cbs
ds4: gpu busy accum 132104.2 ms over 196288 cbs
ds4: gpu busy accum 132129.1 ms over 196352 cbs
ds4: gpu busy accum 132154.3 ms over 196416 cbs
ds4: gpu busy accum 132178.0 ms over 196480 cbs
ds4: gpu busy accum 132203.4 ms over 196544 cbs
ds4: gpu busy accum 132228.1 ms over 196608 cbs
ds4: gpu busy accum 132253.9 ms over 196672 cbs
ds4: gpu busy accum 132278.2 ms over 196736 cbs
ds4: gpu busy accum 132303.0 ms over 196800 cbs
ds4: gpu busy accum 132328.4 ms over 196864 cbs
ds4: gpu busy accum 132353.5 ms over 196928 cbs
ds4: gpu busy accum 132379.1 ms over 196992 cbs
ds4: gpu busy accum 132403.3 ms over 197056 cbs
ds4: gpu busy accum 132428.7 ms over 197120 cbs
ds4: gpu busy accum 132453.9 ms over 197184 cbs
ds4: gpu busy accum 132478.3 ms over 197248 cbs
ds4: gpu busy accum 132502.9 ms over 197312 cbs
ds4: gpu busy accum 132528.3 ms over 197376 cbs
ds4: gpu busy accum 132553.2 ms over 197440 cbs
ds4: gpu busy accum 132577.9 ms over 197504 cbs
ds4: gpu busy accum 132603.9 ms over 197568 cbs
ds4: gpu busy accum 132627.7 ms over 197632 cbs
ds4: gpu busy accum 132653.3 ms over 197696 cbs
ds4: gpu busy accum 132678.3 ms over 197760 cbs
ds4: gpu busy accum 132703.1 ms over 197824 cbs
ds4: gpu busy accum 132727.4 ms over 197888 cbs
ds4: gpu busy accum 132752.7 ms over 197952 cbs
ds4: gpu busy accum 132777.9 ms over 198016 cbs
ds4: gpu busy accum 132802.2 ms over 198080 cbs
ds4: gpu busy accum 132828.0 ms over 198144 cbs
ds4: gpu busy accum 132851.5 ms over 198208 cbs
ds4: gpu busy accum 132876.7 ms over 198272 cbs
ds4: gpu busy accum 132901.9 ms over 198336 cbs
ds4: gpu busy accum 132926.3 ms over 198400 cbs
ds4: gpu busy accum 132952.1 ms over 198464 cbs
ds4: gpu busy accum 132977.1 ms over 198528 cbs
ds4: gpu busy accum 133002.7 ms over 198592 cbs
ds4: gpu busy accum 133027.9 ms over 198656 cbs
ds4: gpu busy accum 133054.7 ms over 198720 cbs
ds4: gpu busy accum 133079.1 ms over 198784 cbs
ds4: gpu busy accum 133104.8 ms over 198848 cbs
ds4: gpu busy accum 133130.0 ms over 198912 cbs
ds4: gpu busy accum 133155.1 ms over 198976 cbs
ds4: gpu busy accum 133180.8 ms over 199040 cbs
ds4: gpu busy accum 133204.8 ms over 199104 cbs
ds4: gpu busy accum 133229.9 ms over 199168 cbs
ds4: gpu busy accum 133254.4 ms over 199232 cbs
ds4: gpu busy accum 133279.6 ms over 199296 cbs
ds4: gpu busy accum 133304.1 ms over 199360 cbs
ds4: gpu busy accum 133329.0 ms over 199424 cbs
ds4: gpu busy accum 133354.0 ms over 199488 cbs
ds4: gpu busy accum 133378.2 ms over 199552 cbs
ds4: gpu busy accum 133403.6 ms over 199616 cbs
ds4: gpu busy accum 133427.5 ms over 199680 cbs
ds4: gpu busy accum 133452.6 ms over 199744 cbs
ds4: gpu busy accum 133477.0 ms over 199808 cbs
ds4: gpu busy accum 133502.4 ms over 199872 cbs
ds4: gpu busy accum 133527.0 ms over 199936 cbs
ds4: gpu busy accum 133552.0 ms over 200000 cbs
ds4: gpu busy accum 133576.7 ms over 200064 cbs
ds4: gpu busy accum 133601.0 ms over 200128 cbs
ds4: gpu busy accum 133626.5 ms over 200192 cbs
ds4: gpu busy accum 133650.0 ms over 200256 cbs
ds4: gpu busy accum 133674.7 ms over 200320 cbs
ds4: gpu busy accum 133699.8 ms over 200384 cbs
ds4: gpu busy accum 133724.3 ms over 200448 cbs
ds4: gpu busy accum 133749.0 ms over 200512 cbs
ds4: gpu busy accum 133774.0 ms over 200576 cbs
ds4: gpu busy accum 133798.5 ms over 200640 cbs
ds4: gpu busy accum 133822.7 ms over 200704 cbs
ds4: gpu busy accum 133848.4 ms over 200768 cbs
ds4: gpu busy accum 133872.4 ms over 200832 cbs
ds4: gpu busy accum 133897.1 ms over 200896 cbs
ds4: gpu busy accum 133921.6 ms over 200960 cbs
ds4: gpu busy accum 133945.7 ms over 201024 cbs
ds4: gpu busy accum 133969.6 ms over 201088 cbs
ds4: gpu busy accum 133994.5 ms over 201152 cbs
ds4: gpu busy accum 134018.8 ms over 201216 cbs
ds4: gpu busy accum 134042.9 ms over 201280 cbs
ds4: gpu busy accum 134068.3 ms over 201344 cbs
ds4: gpu busy accum 134091.6 ms over 201408 cbs
ds4: gpu busy accum 134116.6 ms over 201472 cbs
ds4: gpu busy accum 134141.4 ms over 201536 cbs
ds4: gpu busy accum 134166.1 ms over 201600 cbs
ds4: gpu busy accum 134191.2 ms over 201664 cbs
ds4: gpu busy accum 134214.9 ms over 201728 cbs
ds4: gpu busy accum 134240.1 ms over 201792 cbs
ds4: gpu busy accum 134264.9 ms over 201856 cbs
ds4: gpu busy accum 134290.8 ms over 201920 cbs
ds4: gpu busy accum 134314.2 ms over 201984 cbs
ds4: gpu busy accum 134339.3 ms over 202048 cbs
ds4: gpu busy accum 134364.0 ms over 202112 cbs
ds4: gpu busy accum 134388.9 ms over 202176 cbs
ds4: gpu busy accum 134414.1 ms over 202240 cbs
ds4: gpu busy accum 134437.9 ms over 202304 cbs
ds4: gpu busy accum 134463.0 ms over 202368 cbs
ds4: gpu busy accum 134487.5 ms over 202432 cbs
ds4: gpu busy accum 134513.0 ms over 202496 cbs
ds4: gpu busy accum 134537.1 ms over 202560 cbs
ds4: gpu busy accum 134562.3 ms over 202624 cbs
ds4: gpu busy accum 134587.8 ms over 202688 cbs
ds4: gpu busy accum 134612.2 ms over 202752 cbs
ds4: gpu busy accum 134636.8 ms over 202816 cbs
ds4: gpu busy accum 134661.0 ms over 202880 cbs
ds4: gpu busy accum 134686.1 ms over 202944 cbs
ds4: gpu busy accum 134711.6 ms over 203008 cbs
ds4: gpu busy accum 134736.1 ms over 203072 cbs
ds4: gpu busy accum 134760.5 ms over 203136 cbs
ds4: gpu busy accum 134785.5 ms over 203200 cbs
ds4: gpu busy accum 134810.0 ms over 203264 cbs
ds4: gpu busy accum 134834.4 ms over 203328 cbs
ds4: gpu busy accum 134859.4 ms over 203392 cbs
ds4: gpu busy accum 134883.3 ms over 203456 cbs
ds4: gpu busy accum 134908.4 ms over 203520 cbs
ds4: gpu busy accum 134933.3 ms over 203584 cbs
ds4: gpu busy accum 134957.8 ms over 203648 cbs
ds4: gpu busy accum 134981.9 ms over 203712 cbs
ds4: gpu busy accum 135006.8 ms over 203776 cbs
ds4: gpu busy accum 135031.5 ms over 203840 cbs
ds4: gpu busy accum 135055.5 ms over 203904 cbs
ds4: gpu busy accum 135081.3 ms over 203968 cbs
ds4: gpu busy accum 135105.6 ms over 204032 cbs
ds4: gpu busy accum 135131.7 ms over 204096 cbs
ds4: gpu busy accum 135157.2 ms over 204160 cbs
ds4: gpu busy accum 135182.4 ms over 204224 cbs
ds4: gpu busy accum 135207.3 ms over 204288 cbs
ds4: gpu busy accum 135232.5 ms over 204352 cbs
ds4: gpu busy accum 135258.0 ms over 204416 cbs
ds4: gpu busy accum 135282.7 ms over 204480 cbs
ds4: gpu busy accum 135308.8 ms over 204544 cbs
ds4: gpu busy accum 135333.2 ms over 204608 cbs
ds4: gpu busy accum 135358.5 ms over 204672 cbs
ds4: gpu busy accum 135383.6 ms over 204736 cbs
ds4: gpu busy accum 135408.2 ms over 204800 cbs
ds4: gpu busy accum 135433.3 ms over 204864 cbs
ds4: gpu busy accum 135458.0 ms over 204928 cbs
ds4: gpu busy accum 135483.0 ms over 204992 cbs
ds4: gpu busy accum 135507.7 ms over 205056 cbs
ds4: gpu busy accum 135533.2 ms over 205120 cbs
ds4: gpu busy accum 135557.2 ms over 205184 cbs
ds4: gpu busy accum 135582.2 ms over 205248 cbs
ds4: gpu busy accum 135607.3 ms over 205312 cbs
ds4: gpu busy accum 135631.9 ms over 205376 cbs
ds4: gpu busy accum 135656.6 ms over 205440 cbs
ds4: gpu busy accum 135681.2 ms over 205504 cbs
ds4: gpu busy accum 135706.0 ms over 205568 cbs
ds4: gpu busy accum 135731.0 ms over 205632 cbs
ds4: gpu busy accum 135755.3 ms over 205696 cbs
ds4: gpu busy accum 135779.4 ms over 205760 cbs
ds4: gpu busy accum 135803.9 ms over 205824 cbs
ds4: gpu busy accum 135828.6 ms over 205888 cbs
ds4: gpu busy accum 135853.0 ms over 205952 cbs
ds4: gpu busy accum 135878.0 ms over 206016 cbs
ds4: gpu busy accum 135901.5 ms over 206080 cbs
ds4: gpu busy accum 135926.4 ms over 206144 cbs
ds4: gpu busy accum 135952.4 ms over 206208 cbs
ds4: gpu busy accum 135976.6 ms over 206272 cbs
ds4: gpu busy accum 136000.6 ms over 206336 cbs
ds4: gpu busy accum 136025.7 ms over 206400 cbs
ds4: gpu busy accum 136050.7 ms over 206464 cbs
ds4: gpu busy accum 136075.7 ms over 206528 cbs
ds4: gpu busy accum 136102.7 ms over 206592 cbs
ds4: gpu busy accum 136126.9 ms over 206656 cbs
ds4: gpu busy accum 136152.2 ms over 206720 cbs
ds4: gpu busy accum 136177.3 ms over 206784 cbs
ds4: gpu busy accum 136201.9 ms over 206848 cbs
ds4: gpu busy accum 136226.7 ms over 206912 cbs
ds4: gpu busy accum 136251.4 ms over 206976 cbs
ds4: gpu busy accum 136277.1 ms over 207040 cbs
ds4: gpu busy accum 136301.5 ms over 207104 cbs
ds4: gpu busy accum 136327.0 ms over 207168 cbs
ds4: gpu busy accum 136350.7 ms over 207232 cbs
ds4: gpu busy accum 136375.3 ms over 207296 cbs
ds4: gpu busy accum 136400.2 ms over 207360 cbs
ds4: gpu busy accum 136424.5 ms over 207424 cbs
ds4: gpu busy accum 136449.5 ms over 207488 cbs
ds4: gpu busy accum 136473.5 ms over 207552 cbs
ds4: gpu busy accum 136498.5 ms over 207616 cbs
ds4: gpu busy accum 136522.8 ms over 207680 cbs
ds4: gpu busy accum 136548.7 ms over 207744 cbs
ds4: gpu busy accum 136572.6 ms over 207808 cbs
ds4: gpu busy accum 136597.5 ms over 207872 cbs
ds4: gpu busy accum 136622.3 ms over 207936 cbs
ds4: gpu busy accum 136647.2 ms over 208000 cbs
ds4: gpu busy accum 136671.6 ms over 208064 cbs
ds4: gpu busy accum 136696.2 ms over 208128 cbs
ds4: gpu busy accum 136721.3 ms over 208192 cbs
ds4: gpu busy accum 136746.4 ms over 208256 cbs
ds4: gpu busy accum 136770.8 ms over 208320 cbs
ds4: gpu busy accum 136794.9 ms over 208384 cbs
ds4: gpu busy accum 136819.9 ms over 208448 cbs
ds4: gpu busy accum 136844.7 ms over 208512 cbs
ds4: gpu busy accum 136869.1 ms over 208576 cbs
ds4: gpu busy accum 136894.2 ms over 208640 cbs
ds4: gpu busy accum 136918.0 ms over 208704 cbs
ds4: gpu busy accum 136943.3 ms over 208768 cbs
ds4: gpu busy accum 136968.7 ms over 208832 cbs
ds4: gpu busy accum 136993.3 ms over 208896 cbs
ds4: gpu busy accum 137017.3 ms over 208960 cbs
ds4: gpu busy accum 137042.2 ms over 209024 cbs
ds4: gpu busy accum 137067.1 ms over 209088 cbs
ds4: gpu busy accum 137090.9 ms over 209152 cbs
ds4: gpu busy accum 137115.7 ms over 209216 cbs
ds4: gpu busy accum 137139.2 ms over 209280 cbs
ds4: gpu busy accum 137164.7 ms over 209344 cbs
ds4: gpu busy accum 137189.5 ms over 209408 cbs
ds4: gpu busy accum 137213.8 ms over 209472 cbs
ds4: gpu busy accum 137237.9 ms over 209536 cbs
ds4: gpu busy accum 137263.0 ms over 209600 cbs
ds4: gpu busy accum 137288.2 ms over 209664 cbs
ds4: gpu busy accum 137312.4 ms over 209728 cbs
ds4: gpu busy accum 137338.2 ms over 209792 cbs
ds4: gpu busy accum 137361.9 ms over 209856 cbs
ds4: gpu busy accum 137386.9 ms over 209920 cbs
ds4: gpu busy accum 137411.9 ms over 209984 cbs
ds4: gpu busy accum 137436.5 ms over 210048 cbs
ds4: gpu busy accum 137461.7 ms over 210112 cbs
ds4: gpu busy accum 137485.8 ms over 210176 cbs
ds4: gpu busy accum 137511.3 ms over 210240 cbs
ds4: gpu busy accum 137536.1 ms over 210304 cbs
ds4: gpu busy accum 137562.3 ms over 210368 cbs
ds4: gpu busy accum 137586.3 ms over 210432 cbs
ds4: gpu busy accum 137611.3 ms over 210496 cbs
ds4: gpu busy accum 137636.5 ms over 210560 cbs
ds4: gpu busy accum 137661.7 ms over 210624 cbs
ds4: gpu busy accum 137687.2 ms over 210688 cbs
ds4: gpu busy accum 137712.4 ms over 210752 cbs
ds4: gpu busy accum 137737.9 ms over 210816 cbs
ds4: gpu busy accum 137763.9 ms over 210880 cbs
ds4: gpu busy accum 137788.6 ms over 210944 cbs
ds4: gpu busy accum 137813.0 ms over 211008 cbs
